SubjectID;SubjectCode;Name;Credits;CreatedDate;ModifiedDate
1;CBA101;AMBIENTE Y EDUCACIÓN EN VALORES;3;7/9/2022;8/9/2022
2;CBA102;ECOLOGÍA BÁSICA;3;7/9/2022;8/9/2022
3;CBA103;FUNDAMENTO DE GESTIÓN AMBIENTAL;4;7/9/2022;8/9/2022
4;CBA104;GESTIÓN DE CONTAMINANTES;4;7/9/2022;8/9/2022
5;CBA105;SER HUMANO Y MEDIO AMBIENTE;4;7/9/2022;8/9/2022
6;CBA106;AMBIENTE Y CULTURA;3;7/9/2022;8/9/2022
7;CBA201;MANEJO SUSTENTABLE DE RECURSOS NATURALES;3;7/9/2022;8/9/2022
8;CBA202;IMPACTO SOCIAL (CBA);3;7/9/2022;8/9/2022
9;CBA203;RESTAURACIÓN ECOLÓGICA;3;7/9/2022;8/9/2022
10;CBA204;COMUNICACIÓN AMBIENTAL Y MEDIOS DIGITALES;3;7/9/2022;8/9/2022
11;CBB201;BIOLOGIA I;2;7/9/2022;8/9/2022
12;CBB202;BIOLOGIA II;3;7/9/2022;8/9/2022
13;CBF208;FISICA PARA LA VIDA I;3;7/9/2022;8/9/2022
14;CBF209;FISICA PARA LA VIDA II;2;7/9/2022;8/9/2022
15;CBF210;FISICA MECANICA I;3;7/9/2022;8/9/2022
16;CBF210L;LABORATORIO DE FISICA MECANICA I;1;7/9/2022;8/9/2022
17;CBF211;FISICA MECANICA II;4;7/9/2022;8/9/2022
18;CBF211L;LABORATORIO DE FISICA MECANICA II;1;7/9/2022;8/9/2022
19;CBF212;FISICA ELECTRICA Y MAGNETICA;4;7/9/2022;8/9/2022
20;CBF212L;LABORATORIO DE FISICA ELECTRICA Y MAGNETICA;1;7/9/2022;8/9/2022
21;CBF213;FISICA ELECTROMAGNETICA Y OPTICA;3;7/9/2022;8/9/2022
22;CBF213L;LABORATORIO DE FISICA ELECTROMAGNETICA Y OPTICA;1;7/9/2022;8/9/2022
23;CBF216;FISICA GENERAL I;4;7/9/2022;8/9/2022
24;CBM101;ALGEBRA Y GEOMETRIA ANALITICA;5;7/9/2022;8/9/2022
25;CBM102;CALCULO DIFERENCIAL;5;7/9/2022;8/9/2022
26;CBM105;CALCULO DIFERENCIAL PARA NEGOCIOS;4;7/9/2022;8/9/2022
27;CBM200;CALCULO INTEGRAL PARA NEGOCIOS;5;7/9/2022;8/9/2022
28;CBM201;CALCULO INTEGRAL;5;7/9/2022;8/9/2022
29;CBM202;CALCULO VECTORIAL;4;7/9/2022;8/9/2022
30;CBM203;ECUACIONES DIFERENCIALES;5;7/9/2022;8/9/2022
31;CBM204;ESTADISTICA DESCRIPTIVA;5;7/9/2022;8/9/2022
32;CBM205;ANALISIS ESTADISTICO;5;7/9/2022;8/9/2022
33;CBM206;PROBABILIDAD Y ESTADISTICA;4;7/9/2022;8/9/2022
34;CBM208;ALGEBRA LINEAL;4;7/9/2022;8/9/2022
35;CBM211;BIOESTADISTICA II;5;7/9/2022;8/9/2022
36;CBM215;ECUACIONES DIFERENCIALES Y EN DIFERENCIA;4;7/9/2022;8/9/2022
37;CBM216;PROGRAMACION LINEAL;4;7/9/2022;8/9/2022
38;CBM217;METODO MATEMATICO I PARA BIOLOGOS Y QUIMICOS;4;7/9/2022;8/9/2022
39;CBM218;METODO MATEMATICO II PARA BIOLOGOS Y QUIMICOS;4;7/9/2022;8/9/2022
40;CBM220;ESTADISTICA APLICADA A LA INGENIERIA;5;7/9/2022;8/9/2022
41;CBM223;INTRODUCCION A LA ESTADISTICA;4;7/9/2022;8/9/2022
42;CBM232;BIOESTADISTICA I;5;7/9/2022;8/9/2022
43;CBM233;BIOESTADISTICA II;5;7/9/2022;8/9/2022
44;CBM302;INFERENCIA ESTADISTICA;4;7/9/2022;8/9/2022
45;CBM305;MATEMATICA DISCRETA I;4;7/9/2022;8/9/2022
46;CBM306;MATEMATICA DISCRETA II;4;7/9/2022;8/9/2022
47;CBM307;ANALISIS NUMERICO;4;7/9/2022;8/9/2022
48;CBM307L;LABORATORIO DE ANALISIS NUMERICO;1;7/9/2022;8/9/2022
49;CBM311;METODOS MATEMATICOS PARA INGENIEROS;5;7/9/2022;8/9/2022
50;CBM313;ESTADISTICA NO PARAMETRICA;5;7/9/2022;8/9/2022
51;CBM317;ANALISIS MATEMATICO II;5;7/9/2022;8/9/2022
52;CBM318;ANALISIS DE REGRESION;4;7/9/2022;8/9/2022
53;CBM322;DEMOGRAFIA;5;7/9/2022;8/9/2022
54;CBM324;ANALISIS MATEMATICO IV;4;7/9/2022;8/9/2022
55;CBM327;MATEMATICAS ACTUARIALES DEL SEGURO DE DAÑOS;4;7/9/2022;8/9/2022
56;CBM329;SEGURIDAD SOCIAL Y PENSIONES PRIVADAS;5;7/9/2022;8/9/2022
57;CBM330;TEORIA DEL RIESGO;5;7/9/2022;8/9/2022
58;CBM331;PASANTIA;4;7/9/2022;8/9/2022
59;CBM337;INTRODUCCION A LA MATEMATICA ACTUARIA;4;7/9/2022;8/9/2022
60;CBN101;SER HUMANO Y NATURALEZA;2;7/9/2022;8/9/2022
61;CBQ201;QUIMICA I;2;7/9/2022;8/9/2022
62;CBQ202;QUIMICA II;4;7/9/2022;8/9/2022
63;CBQ204;QUIMICA ORGANICA I;2;7/9/2022;8/9/2022
64;CBQ205;QUIMICA ORGANICA II;3;7/9/2022;8/9/2022
65;CBQ207;QUIMICA I;3;7/9/2022;8/9/2022
66;CBQ207L;LABORATORIO DE QUIMICA I;1;7/9/2022;8/9/2022
67;CBQ208;QUIMICA II;3;7/9/2022;8/9/2022
68;CBQ208L;LABORATORIO DE QUIMICA II;1;7/9/2022;8/9/2022
69;CBQ212;QUIMICA AMBIENTAL;4;7/9/2022;8/9/2022
70;CBQ212L;LABORATORIO DE QUIMICA AMBIENTAL;1;7/9/2022;8/9/2022
71;CSH301;DIDACTICA DE LA FISICA I;2;7/9/2022;8/9/2022
72;CSH305;DIDACTICA DE LA MATEMATICA I;3;7/9/2022;8/9/2022
73;CSH306;DIDACTICA DE LA MATEMATICA II;4;7/9/2022;8/9/2022
74;DCA601;METODOLOGIA DE LA INVESTIGACION/DISEÑO DE TESIS I;4;7/9/2022;8/9/2022
75;DCA602;METODOS AVANZADOS PARA LA REALIZACION DE ESTUDIOS DE BIODIVERSIDAD Y BIOSEGURIDAD EN ECOSISTEMAS;3;7/9/2022;8/9/2022
76;DCA607;EVALUACION COMPRENSIVA;4;7/9/2022;8/9/2022
77;DCA608;PRESENTACION PROYECTO DE TESIS;3;7/9/2022;8/9/2022
78;DCA611;SEGUNDO TALLER DE RESULTADOS 01;4;7/9/2022;8/9/2022
79;DGD607;EXAMEN COMPRENSIVO;3;7/9/2022;8/9/2022
80;DGD608;PROYECTO DE TESIS DE AREA;2;7/9/2022;8/9/2022
81;DGD609;MINIMO DE CIENCIA Y TECNOLOGIA PROBLEMAS SOCIALES Y AMBIENTALES;3;7/9/2022;8/9/2022
82;DGD610;MINIMO DE IDIOMA EXTRANJERO;4;7/9/2022;8/9/2022
83;DGD626;DEFENSA DE TESIS;3;7/9/2022;8/9/2022
84;LBE301;ZOOLOGIA I;1;7/9/2022;8/9/2022
85;LBE302;BOTANICA I;1;7/9/2022;8/9/2022
86;LBE306;BIOLOGIA MOLECULAR Y CELULAR;1;7/9/2022;8/9/2022
87;LBE310;BIOESTADISTICA;1;7/9/2022;8/9/2022
88;LBE311;HISTOLOGIA GENERA;1;7/9/2022;8/9/2022
89;LBE316;BIOLOGIA DEL DESARROLLO;1;7/9/2022;8/9/2022
90;LBE318;CONSERVACION DE RECURSOS NATURALES;1;7/9/2022;8/9/2022
91;LBQ201;QUÍMICA FISICA I;1;7/9/2022;8/9/2022
92;LBQ202;QUÍMICA FÍSICA II;1;7/9/2022;8/9/2022
93;LBQ304;QUÍMICA ORGÁNICA AVANZADA;1;7/9/2022;8/9/2022
94;LBQ305;BIOFÍSICA PARA BIOQUÍMICOS;1;7/9/2022;8/9/2022
95;LBQ315;METODOLOGÍA DE LA INVESTIGACIÓN EN BIOQUÍMICA;1;7/9/2022;8/9/2022
96;LBT201;BIOLOGIA CELULAR Y MOLECULAR;1;7/9/2022;8/9/2022
97;LBT202;BOTANICA;1;7/9/2022;8/9/2022
98;LBT302;FISIOLOGIA ANIMAL;1;7/9/2022;8/9/2022
99;LBT303;INGENIERIA GENETICA;1;7/9/2022;8/9/2022
100;LBT306;BIOSEGURIDAD;1;7/9/2022;8/9/2022
101;LBT307;BIOINFORMATICA;1;7/9/2022;8/9/2022
102;LBT320;GENÉTICA GENERAL;1;7/9/2022;8/9/2022
103;LBT325;REDACCIÓN CIENTÍFICA;1;7/9/2022;8/9/2022
104;LBT327;TRABAJO DE GRADO (PROYECTO INTEGRADOR PROFESIONALIZANTE);1;7/9/2022;8/9/2022
105;LFE202;FISICA MECANICA I;1;7/9/2022;8/9/2022
106;LFE305;TERMODINAMICA;1;7/9/2022;8/9/2022
107;LFE310;FISICA NUCLEAR Y DE PARTICULAS;1;7/9/2022;8/9/2022
108;LME204;ARITMETICA SUPERIOR;1;7/9/2022;8/9/2022
109;LME205;ALGEBRA SUPERIOR II;1;7/9/2022;8/9/2022
110;LME206;GEOMETRIA II;1;7/9/2022;8/9/2022
111;LME207;TRIGONOMETRIA I;1;7/9/2022;8/9/2022
112;LME213;CALCULO VECTORIAL;1;7/9/2022;8/9/2022
113;LME302;ANALISIS MATEMATICO II. PARA EDUCACION;1;7/9/2022;8/9/2022
114;LME304;ANALISIS MATEMATICO III PARA EDUCACION;1;7/9/2022;8/9/2022
115;LME305;VARIABLE COMPLEJA;1;7/9/2022;8/9/2022
116;LME306;CIENCIAS DE LA COMPLEJIDAD I;1;7/9/2022;8/9/2022
117;LME307;MATEMATICA DISCRETA;1;7/9/2022;8/9/2022
118;LQE304;QUIMICA ORGANICA I;1;7/9/2022;8/9/2022
119;LQE315;QUIMICA FISICA II;1;7/9/2022;8/9/2022
120;MGB501;ETICA DE INVESTIGACION;2;7/9/2022;8/9/2022
121;MMA501;HERRAMIENTAS DE MATEMATICA APLICADA;2;7/9/2022;8/9/2022
122;MMA531;SEMINARIO 1;4;7/9/2022;8/9/2022
123;MMA532;SEMINARIO 2;3;7/9/2022;8/9/2022
124;ASL203;LABORATORIO FARMACOLOGIA Y TERAPEUTICA;1;7/9/2022;8/9/2022
125;ASL204;LABORATORIO FARMACOLOGIA Y TERAPEUTICA II;1;7/9/2022;8/9/2022
126;ASL301;LABORATORIO DE SEMIOLOGIA CLINICA Y RELACION MEDICO-PACIENTE;1;7/9/2022;8/9/2022
127;ASL302;LABORATORIO SEMIOLOGIA QUIRURGICA;1;7/9/2022;8/9/2022
128;ASL303;LABORATORIO DERMATOLOGIA;1;7/9/2022;8/9/2022
129;ASL304;LABORATORIO NUTRICION;1;7/9/2022;8/9/2022
130;ASL305;LABORATORIO HEMATOLOGIA;1;7/9/2022;8/9/2022
131;ASL306;LABORATORIO NEUMOLOGIA;1;7/9/2022;8/9/2022
132;ASL307;LABORATORIO PATOLOGIA QUIRURGICA GENERAL I;1;7/9/2022;8/9/2022
133;ASL308;LABORATORIO IMAGENOLOGIA;1;7/9/2022;8/9/2022
134;ASL309;LABORATORIO INFECTOLOGIA;1;7/9/2022;8/9/2022
135;ASL310;LABORATORIO PATOLOGIA GENERAL PEDIATRICA;1;7/9/2022;8/9/2022
136;ASL311;LABORATORIO PATOLOGIA PEDIATRICA INFECCIOSA;1;7/9/2022;8/9/2022
137;ASL312;LABORATORIO PERINATOLOGIA;1;7/9/2022;8/9/2022
138;ASL313;LABORATORIO CRECIMIENTO Y DESARROLLO;1;7/9/2022;8/9/2022
139;ASL314;LABORATORIO TERAPEUTICA Y EMERGENCIA PEDIATRICA;1;7/9/2022;8/9/2022
140;ASL315;LABORATORIO PATOLOGIA QUIRURGICA II;1;7/9/2022;8/9/2022
141;ASL317;LABORATORIO REPRODUCCION HUMANA;1;7/9/2022;8/9/2022
142;ASL318;LABORATORIO PATOLOGIA GINECOBSTETRICIA;1;7/9/2022;8/9/2022
143;ASL319;LABORATORIO PATOLOGIA GINECOLOGICA;1;7/9/2022;8/9/2022
144;ASL320;LABORATORIO PATOLOGIA OBSTETRICA;1;7/9/2022;8/9/2022
145;ASL321;LABORATORIO DEMOGRAFIA Y FERTILIDAD;1;7/9/2022;8/9/2022
146;ASL322;LABORATORIO REUMATOLOGIA;1;7/9/2022;8/9/2022
147;ASL323;LABORATORIO PSIQUIATRIA;1;7/9/2022;8/9/2022
148;ASL324;LABORATORIO GASTROENTEROLOGIA;1;7/9/2022;8/9/2022
149;ASL325;LABORATORIO NEUROLOGIA;1;7/9/2022;8/9/2022
150;ASL326;LABORATORIO TRAUMATOLOGIA Y ORTOPEDIA;1;7/9/2022;8/9/2022
151;ASL327;LABORATORIO NEFROLOGIA;1;7/9/2022;8/9/2022
152;ASL328;LABORATORIO UROLOGIA;1;7/9/2022;8/9/2022
153;ASL329;LABORATORIO CARDIOLOGIA;1;7/9/2022;8/9/2022
154;ASL330;LABORATORIO OTORRINOLARINGOLOGIA;1;7/9/2022;8/9/2022
155;ASL331;LABORATORIO OFTALMOLOGIA;1;7/9/2022;8/9/2022
156;ASL332;LABORATORIO ANESTESIOLOGIA;1;7/9/2022;8/9/2022
157;ASL333;LABORATORIO ENDOCRINOLOGIA;1;7/9/2022;8/9/2022
158;ASL344;LABORATORIO EMERGENCIOLOGIA;1;7/9/2022;8/9/2022
159;ASL356;LABORATORIO IMAGENOLOGIA;1;7/9/2022;8/9/2022
160;ASM101;PROYECTO BIoINTEC I;2;7/9/2022;8/9/2022
161;ASM102;PROYECTO BIoINTEC II;3;7/9/2022;8/9/2022
162;ASM104;VIDA SALUDABLE;3;7/9/2022;8/9/2022
163;ASM105;SALUD AMBIENTAL;4;7/9/2022;8/9/2022
164;ASM106;NUTRICION DEPORTIVA;4;7/9/2022;8/9/2022
165;ASM107;NUTRICION SALUDABLE;3;7/9/2022;8/9/2022
166;ASM108;PRIMEROS AUXILIOS PARA LA VIDA;4;7/9/2022;8/9/2022
167;ASM203;FARMACOLOGIA Y TERAPEUTICA I;3;7/9/2022;8/9/2022
168;ASM204;FARMACOLOGIA Y TERAPEUTICA II;2;7/9/2022;8/9/2022
169;ASM208;SEMINARIO DE SOPORTE DE VIDA BASICO (BLS);4;7/9/2022;8/9/2022
170;ASM301;SEMIOLOGIA CLINICA Y RELACION MEDICO-PACIENTE;4;7/9/2022;8/9/2022
171;ASM302;SEMIOLOGIA QUIRURGICA;2;7/9/2022;8/9/2022
172;ASM303;DERMATOLOGIA;2;7/9/2022;8/9/2022
173;ASM304;NUTRICION;4;7/9/2022;8/9/2022
174;ASM305;HEMATOLOGIA;2;7/9/2022;8/9/2022
175;ASM306;NEUMOLOGIA;2;7/9/2022;8/9/2022
176;ASM307;PATOLOGIA QUIRURGICA GENERAL I;3;7/9/2022;8/9/2022
177;ASM308;IMAGENOLOGIA;2;7/9/2022;8/9/2022
178;ASM309;INFECTOLOGIA;2;7/9/2022;8/9/2022
179;ASM310;PATOLOGIA GENERAL PEDIATRICA;4;7/9/2022;8/9/2022
180;ASM311;PATOLOGIA PEDIATRICA INFECCIOSA;2;7/9/2022;8/9/2022
181;ASM312;PERINATOLOGIA;2;7/9/2022;8/9/2022
182;ASM313;CRECIMIENTO Y DESARROLLO;2;7/9/2022;8/9/2022
183;ASM314;TERAPEUTICA Y EMERGENCIA PEDIATRICA;3;7/9/2022;8/9/2022
184;ASM315;PATOLOGIA QUIRURGICA II;4;7/9/2022;8/9/2022
185;ASM316;ONCOLOGIA;4;7/9/2022;8/9/2022
186;ASM317;REPRODUCCION HUMANA;4;7/9/2022;8/9/2022
187;ASM318;PATOLOGIA GINECOBSTETRICIA;4;7/9/2022;8/9/2022
188;ASM319;PATOLOGIA GINECOLOGICA;4;7/9/2022;8/9/2022
189;ASM320;PATOLOGIA OBSTETRICA;2;7/9/2022;8/9/2022
190;ASM321;DEMOGRAFIA Y FERTILIDAD;2;7/9/2022;8/9/2022
191;ASM322;REUMATOLOGIA;2;7/9/2022;8/9/2022
192;ASM323;PSIQUIATRIA;2;7/9/2022;8/9/2022
193;ASM324;GASTROENTEROLOGIA;2;7/9/2022;8/9/2022
194;ASM325;NEUROLOGIA;3;7/9/2022;8/9/2022
195;ASM326;TRAUMATOLOGIA Y ORTOPEDIA;4;7/9/2022;8/9/2022
196;ASM327;NEFROLOGIA;3;7/9/2022;8/9/2022
197;ASM328;UROLOGIA;3;7/9/2022;8/9/2022
198;ASM329;CARDIOLOGIA;4;7/9/2022;8/9/2022
199;ASM330;OTORRINOLARINGOLOGIA;4;7/9/2022;8/9/2022
200;ASM331;OFTALMOLOGIA;2;7/9/2022;8/9/2022
201;ASM332;ANESTESIOLOGIA;2;7/9/2022;8/9/2022
202;ASM333;ENDOCRINOLOGIA;3;7/9/2022;8/9/2022
203;ASM334;INTERNADO MEDICINA SOCIAL O PASANTIA RURA;4;7/9/2022;8/9/2022
204;ASM335;INTERNADO DE CIRUGIA;3;7/9/2022;8/9/2022
205;ASM336;INTERNADO PEDIATRIA;3;7/9/2022;8/9/2022
206;ASM337;INTERNADO GINECOSBTETRICIA;3;7/9/2022;8/9/2022
207;ASM339;RESILIENCIA Y TANATOLOGIA;2;7/9/2022;8/9/2022
208;ASM341;GERIATRIA;3;7/9/2022;8/9/2022
209;ASM343;SEXUALIDAD EN ATENCION PRIMARIA;2;7/9/2022;8/9/2022
210;ASM344;EMERGENCIOLOGIA;2;7/9/2022;8/9/2022
211;ASM345;MEDICINA FAMILIAR;2;7/9/2022;8/9/2022
212;ASM349;SEMINARIO DE SOPORTE DE VIDA AVANZADO (ACLS);2;7/9/2022;8/9/2022
213;ASM350;SEMINARIO DE PATOLOGIA CLINICA;4;7/9/2022;8/9/2022
214;ASM351;SEMINARIO DE SOPORTE DE VIDA PARA EL PACIENTE POLITRAUMATIZADO;2;7/9/2022;8/9/2022
215;ASM352;SEMINARIO DE GINECO-OBSTETRICIA;2;7/9/2022;8/9/2022
216;ASM356;IMAGENOLOGIA;3;7/9/2022;8/9/2022
217;MED203;BIOFISICA;2;7/9/2022;8/9/2022
218;MED204;ANATOMIA I;2;7/9/2022;8/9/2022
219;MED205;ANATOMIA II;2;7/9/2022;8/9/2022
220;MED206;BIOQUIMICA I;3;7/9/2022;8/9/2022
221;MED207;EMBRIOLOGIA;3;7/9/2022;8/9/2022
222;MED209;BIOQUIMICA II;3;7/9/2022;8/9/2022
223;MED210;HISTORIA DE LA MEDICINA;4;7/9/2022;8/9/2022
224;MED211;PARASITOLOGIA;4;7/9/2022;8/9/2022
225;MED213;MICROBIOLOGIA I;4;7/9/2022;8/9/2022
226;MED216;ANATOMIA PATOLOGICA I;2;7/9/2022;8/9/2022
227;MED217;MICROBIOLOGIA II;2;7/9/2022;8/9/2022
228;MED218;GENETICA;4;7/9/2022;8/9/2022
229;MED220;ANATOMIA PATOLOGICA II;4;7/9/2022;8/9/2022
230;MED225;TERAPEUTICA;3;7/9/2022;8/9/2022
231;MED227;ANATOMIA III;3;7/9/2022;8/9/2022
232;MED228;FISIOLOGIA I;2;7/9/2022;8/9/2022
233;MED229;FISIOLOGIA II;3;7/9/2022;8/9/2022
234;MED231;FISIOPATOLOGIA I;2;7/9/2022;8/9/2022
235;MED233;FISIOPATOLOGIA II;4;7/9/2022;8/9/2022
236;MED234;HISTOLOGIA;2;7/9/2022;8/9/2022
237;MED235;EPIDEMIOLOGIA Y MEDICINA PREVENTIVA;3;7/9/2022;8/9/2022
238;MED236;PSICOLOGIA CLINICA;3;7/9/2022;8/9/2022
239;MED237;SALUD PUBLICA;2;7/9/2022;8/9/2022
240;MED238;NUEVOS RETOS ETICOS DE LA MEDICINA;3;7/9/2022;8/9/2022
241;MED239;INTRODUCCION A LOS PRIMEROS AUXILIOS;2;7/9/2022;8/9/2022
242;MED303;BIOETICA;4;7/9/2022;8/9/2022
243;MED307;INMUNOLOGIA;3;7/9/2022;8/9/2022
244;MED331;MEDICINA FORENSE;2;7/9/2022;8/9/2022
245;MED344;INTERNADO MEDICINA SOCIAL O PASANTIA RURAL Y URBANA;3;7/9/2022;8/9/2022
246;MED345;INTERNADO MEDICINA INTERNA;4;7/9/2022;8/9/2022
247;MED346;INTERNADO DE CIRUGIA;2;7/9/2022;8/9/2022
248;MED347;INTERNADO DE PEDIATRIA;2;7/9/2022;8/9/2022
249;MED348;INTERNADO GINECO-OBSTETRICIA;2;7/9/2022;8/9/2022
250;MED349;INTERNADO PSIQUIATRIA;3;7/9/2022;8/9/2022
251;MNP504;EVALUACION NUTRICIONAL EN PEDIATRIA;4;7/9/2022;8/9/2022
252;MNP505;DIETOTERAPIA APLICADA EN PEDIATRIA I;3;7/9/2022;8/9/2022
253;MNP506;TERAPIA NUTRICIONAL ESPECIALIZADA EN PEDIATRIA I;2;7/9/2022;8/9/2022
254;MNP510;FUNDAMENTOS DE NUTRICION PEDIATRICA;2;7/9/2022;8/9/2022
255;MOD501;EDUCACION NUTRICIONA;4;7/9/2022;8/9/2022
256;MOD502;FISIOPATOGENIA DE LA OBESIDAD;3;7/9/2022;8/9/2022
257;MOD503;OBESOLOGIA I;2;7/9/2022;8/9/2022
258;MOD505;FUNDAMENTOS DE ESTADISTICA;2;7/9/2022;8/9/2022
259;MOD508;SEMINARIO DE INVESTIGACION EN SALUD;3;7/9/2022;8/9/2022
260;MOD509;CLINICA DE LA OBESIDAD;2;7/9/2022;8/9/2022
261;MOD510;DIETETICA II;3;7/9/2022;8/9/2022
262;MOD511;METABOLISMO Y FISIOLOGIA DEL EJERCICIO;3;7/9/2022;8/9/2022
263;MPC507;TRASTORNOS DEL ESTADO DE ANIMO E INTERVENCION PSICOLOGICA;3;7/9/2022;8/9/2022
264;MPC508;PSICOFARMACOLOGIA;4;7/9/2022;8/9/2022
265;MPC514;RECURSOS HUMANOS EN SALUD;3;7/9/2022;8/9/2022
266;MPC515;HABILIDADES BASICAS DEL PSICOTERAPEUTA;3;7/9/2022;8/9/2022
267;MPC522;SEMINARIO DE INVESTIGACION II;4;7/9/2022;8/9/2022
268;MSP520;FUNDAMENTOS DE BIOÉTICA;3;7/9/2022;8/9/2022
269;MSP521;INTERNADO DE SALUD PÚBLICA;2;7/9/2022;8/9/2022
270;MSP522;TRABAJO FINAL (TESIS) / PROYECTO CAPSTONE;4;7/9/2022;8/9/2022
271;MSP529;ÉTICA DE LA INVESTIGACIÓN;3;7/9/2022;8/9/2022
272;ODO102;SEMINARIO BI0 INTEC II;2;7/9/2022;8/9/2022
273;ODO208;ANATOMIA II (CABEZA Y CUELLO);2;7/9/2022;8/9/2022
274;ODO215;ANATOMIA DENTA;2;7/9/2022;8/9/2022
275;ODO217;PATOLOGIA GENERA;3;7/9/2022;8/9/2022
276;ODO218;MATERIALES DENTALES;3;7/9/2022;8/9/2022
277;ODO219;SALUD PUBLICA;2;7/9/2022;8/9/2022
278;ODO220;ODONTOLOGIA COMUNITARIA II;3;7/9/2022;8/9/2022
279;ODO221;ERGONOMIA;2;7/9/2022;8/9/2022
280;ODO222;BIOSEGURIDAD;4;7/9/2022;8/9/2022
281;ODO224;ODONTOLOGIA SANITARIA;2;7/9/2022;8/9/2022
282;ODO229;FISIOLOGIA BUCA;3;7/9/2022;8/9/2022
283;ODO230;OCLUSION;2;7/9/2022;8/9/2022
284;ODO231;DIAGNOSTICO CLINICO I;3;7/9/2022;8/9/2022
285;ODO232;RADIOGRAFIA I;3;7/9/2022;8/9/2022
286;ODO233;PERIODONCIA I;4;7/9/2022;8/9/2022
287;ODO234;OPERATORIA DENTAL I;2;7/9/2022;8/9/2022
288;ODO235;PROTESIS TOTAL I;2;7/9/2022;8/9/2022
289;ODO236;PATOLOGIA BUCAL II;2;7/9/2022;8/9/2022
290;ODO237;ODONTOLOGIA SOCIAL Y PREVENTIVA;3;7/9/2022;8/9/2022
291;ODO238;ODONTOLOGIA COMUNITARIA IV;4;7/9/2022;8/9/2022
292;ODO239;ANESTESIA;2;7/9/2022;8/9/2022
293;ODO247;HISTOLOGIA Y EMBRIOLOGIA;3;7/9/2022;8/9/2022
294;ODO251;INMUNOLOGIA BUCA;2;7/9/2022;8/9/2022
295;ODO253;PATOLOGIA GENERA;3;7/9/2022;8/9/2022
296;ODO254;ODONTOLOGIA COMUNITARIA II;3;7/9/2022;8/9/2022
297;ODO255;ERGONOMIA;3;7/9/2022;8/9/2022
298;ODO256;ODONTOLOGIA COMUNITARIA III;2;7/9/2022;8/9/2022
299;ODO257;FOTOGRAFIA ODONTOLOGICA;2;7/9/2022;8/9/2022
300;ODO258;OPERATORIA DENTAL I;4;7/9/2022;8/9/2022
301;ODO259;PROTESIS TOTAL I;4;7/9/2022;8/9/2022
302;ODO260;PERIODONCIA I;3;7/9/2022;8/9/2022
303;ODO261;ODONTOLOGIA COMUNITARIA IV;3;7/9/2022;8/9/2022
304;ODO262;FARMACOLOGIA ODONTOLOGICA;2;7/9/2022;8/9/2022
305;ODO302;DIAGNOSTICO CLINICO II;4;7/9/2022;8/9/2022
306;ODO303;RADIOGRAFIA II;3;7/9/2022;8/9/2022
307;ODO304;PERIODONCIA II;4;7/9/2022;8/9/2022
308;ODO305;OPERATORIA DENTAL II;4;7/9/2022;8/9/2022
309;ODO306;PROTESIS TOTAL II;4;7/9/2022;8/9/2022
310;ODO307;CLINICA INTEGRAL I;2;7/9/2022;8/9/2022
311;ODO309;ROTACION ODONTOLOGICA I;4;7/9/2022;8/9/2022
312;ODO310;CIRUGIA BUCAL II;2;7/9/2022;8/9/2022
313;ODO311;ANATOMIA PATOLOGICA;3;7/9/2022;8/9/2022
314;ODO312;PROTESIS FIJA I;2;7/9/2022;8/9/2022
315;ODO313;PROTESIS PARCIAL REMOVIBLE I;3;7/9/2022;8/9/2022
316;ODO314;CLINICA INTEGRAL II;2;7/9/2022;8/9/2022
317;ODO315;CASO CLINICO II;2;7/9/2022;8/9/2022
318;ODO316;ROTACION ODONTOLOGICA II;2;7/9/2022;8/9/2022
319;ODO317;PROTESIS FIJA II;4;7/9/2022;8/9/2022
320;ODO318;PROTESIS PARCIAL REMOVIBLE II;4;7/9/2022;8/9/2022
321;ODO319;ENDODONCIA I;4;7/9/2022;8/9/2022
322;ODO320;ODONTOPEDIATRIA I;4;7/9/2022;8/9/2022
323;ODO321;CLINICA INTEGRAL III;4;7/9/2022;8/9/2022
324;ODO322;CASO CLINICO III;2;7/9/2022;8/9/2022
325;ODO323;ROTACION ODONTOLOGICA III;2;7/9/2022;8/9/2022
326;ODO324;ENDODONCIA II;3;7/9/2022;8/9/2022
327;ODO325;ODONTOPEDIATRIA II;3;7/9/2022;8/9/2022
328;ODO326;ORTODONCIA I;2;7/9/2022;8/9/2022
329;ODO327;ODONTOLOGIA LEGAL Y FORENSE;2;7/9/2022;8/9/2022
330;ODO328;CLINICA INTEGRAL IV;2;7/9/2022;8/9/2022
331;ODO329;CASO CLINICO IV;3;7/9/2022;8/9/2022
332;ODO330;ROTACION ODONTOLOGICA IV;3;7/9/2022;8/9/2022
333;ODO331;ORTODONCIA II;3;7/9/2022;8/9/2022
334;ODO332;PROYECTO DE INVESTIGACION I;4;7/9/2022;8/9/2022
335;ODO333;GESTION EN ODONTOLOGIA;2;7/9/2022;8/9/2022
336;ODO334;ETICA PROFESIONA;2;7/9/2022;8/9/2022
337;ODO335;CLINICA INTEGRAL V;3;7/9/2022;8/9/2022
338;ODO336;CASO CLINICO V;2;7/9/2022;8/9/2022
339;ODO337;ROTACION ODONTOLOGICA V;3;7/9/2022;8/9/2022
340;ODO340;CLINICA INTEGRAL VI;2;7/9/2022;8/9/2022
341;ODO343;INTERNADO DE ODONTOLOGIA SOCIAL RURAL URBANA;4;7/9/2022;8/9/2022
342;ODO344;SEMINARIO DE ACTUALIZACION ODONTOLOGICA;2;7/9/2022;8/9/2022
343;ODO345;SEMINARIO CASOS CLINICOS;3;7/9/2022;8/9/2022
344;ODO352;ODONTOLOGIA PARA LA EMBARAZADA Y EL BEBE;2;7/9/2022;8/9/2022
345;ODO354;PERIODONCIA II;2;7/9/2022;8/9/2022
346;ODO355;OPERATORIA DENTAL II;4;7/9/2022;8/9/2022
347;ODO356;PROTESIS TOTAL II;2;7/9/2022;8/9/2022
348;ODO357;ANATOMIA PATOLOGICA;2;7/9/2022;8/9/2022
349;SAN402;METODOLOGIA DE LA INVESTIGACION;4;7/9/2022;8/9/2022
350;SAN408;DIETOTERAPIA;3;7/9/2022;8/9/2022
351;SAN409;NUTRIOLOGIA CLINICA I;4;7/9/2022;8/9/2022
352;SAN410;NUTRIOLOGIA CLINICA II;4;7/9/2022;8/9/2022
353;SAN413;PROYECTO DE INTERVENCION;3;7/9/2022;8/9/2022
354;SAN415;NUTRICION Y METABOLISMO I;3;7/9/2022;8/9/2022
355;SAN416;ANTROPOLOGIA NUTRICIONA;2;7/9/2022;8/9/2022
356;SAN501;FISIOPATOLOGIA NUTRICIONAL I;4;7/9/2022;8/9/2022
357;SAN502;BROMATOLOGIA;4;7/9/2022;8/9/2022
358;SAN503;EDUCACION COMUNITARIA I;4;7/9/2022;8/9/2022
359;SAN504;FISIOPATOLOGIA NUTRICIONAL II;4;7/9/2022;8/9/2022
360;SAN505;DIETOTERAPIA AVANZADA;2;7/9/2022;8/9/2022
361;SAN507;EDUCACION COMUNITARIA II;4;7/9/2022;8/9/2022
362;SAN508;NUTRICION Y MEDICINA CRITICA;4;7/9/2022;8/9/2022
363;SAN509;FARMACOLOGIA Y BIOQUIMICA CLINICA;4;7/9/2022;8/9/2022
364;ACS340;SEXO Y PODER (ELECTIVA);3;7/9/2022;8/9/2022
365;AHA101;AJEDREZ (ELECTIVA);3;7/9/2022;8/9/2022
366;AHA201;APRECIACION DE LAS ARTES I;3;7/9/2022;8/9/2022
367;AHA202;APRECIACION DE LAS ARTES II;4;7/9/2022;8/9/2022
368;AHC101;COMUNICACION EN LENGUA ESPAÑOLA I;3;7/9/2022;8/9/2022
369;AHC102;COMUNICACION EN LENGUA ESPAÑOLA II;4;7/9/2022;8/9/2022
370;AHC109;REDACCION;2;7/9/2022;8/9/2022
371;AHC110;ARGUMENTACIÓN LINGÜÍSTICA;3;7/9/2022;8/9/2022
372;AHC300;CREATIVIDAD E INNOVACION;3;7/9/2022;8/9/2022
373;AHC526;SUPERVISION Y ACOMPAÑAMIENTO PEDAGOGICO I;2;7/9/2022;8/9/2022
374;AHC527;PLANIFICACION EDUCATIVA Y PROYECTO DE CENTRO I;3;7/9/2022;8/9/2022
375;AHC528;ANALISIS Y GESTION CURRICULAR II;3;7/9/2022;8/9/2022
376;AHC532;GESTION DE LOS CONFLICTOS Y HABILIDADES DE NEGOCIACION;3;7/9/2022;8/9/2022
377;AHD101;EDUCACION FISICA Y DEPORTE;4;7/9/2022;8/9/2022
378;AHH202;RHETORIC AND COMPOSITION;3;7/9/2022;8/9/2022
379;AHH203;EFFECTIVE SPEECH;3;7/9/2022;8/9/2022
380;AHH204;HISTORIA, SOCIEDAD Y CULTURA DEL CARIBE (ELECTIVA);4;7/9/2022;8/9/2022
381;AHM201;METODOLOGIA DE LA INVESTIGACION;4;7/9/2022;8/9/2022
382;AHM202;METODOLOGIA DE INVESTIGACION EN SALUD;2;7/9/2022;8/9/2022
383;AHO101;ORIENTACION ACADEMICA E INSTITUCIONA;2;7/9/2022;8/9/2022
384;AHO102;ORIENTACION ACADEMICA E INSTITUCIONA;2;7/9/2022;8/9/2022
385;AHQ101;QUEHACER CIENTIFICO;2;7/9/2022;8/9/2022
386;AHS201;SOCIOLOGIA URBANA (ELECTIVA);2;7/9/2022;8/9/2022
387;CHH301;ETICA PROFESIONAL;4;7/9/2022;8/9/2022
388;CHH302;ETICA Y RESPONSABILIDAD SOCIAL EN LOS NEGOCIOS;3;7/9/2022;8/9/2022
389;CHH303;ETICA (SOCIALES);2;7/9/2022;8/9/2022
390;CSG201;HISTORIA, CIVILIZACIONES Y CULTURAS;3;7/9/2022;8/9/2022
391;CSG202;PROCESOS SOCIO-HISTORICOS DOMINICANOS;2;7/9/2022;8/9/2022
392;CSG203;PENSAMIENTO Y PROBLEMAS DE LA SOCIEDAD CONTEMPORANEA;4;7/9/2022;8/9/2022
393;CSG204;ANTROPOLOGIA SOCIA;4;7/9/2022;8/9/2022
394;CSG209;INTRODUCCION A LA PSICOLOGIA;2;7/9/2022;8/9/2022
395;CSG210;DERECHOS HUMANOS (ELECTIVA);2;7/9/2022;8/9/2022
396;CSG301;SEXUALIDAD PARA LA VIDA;2;7/9/2022;8/9/2022
397;CSH102;COMPROMISO SOCIAL Y CIVICO;4;7/9/2022;8/9/2022
398;CSH103;INNOVACION Y EMPRENDIMIENTO;2;7/9/2022;8/9/2022
399;CSH105;PROYECTO INTEGRADOR DE ESTUDIOS GENERALES;3;7/9/2022;8/9/2022
400;CSH110;HISTORIA DOMINICANA;4;7/9/2022;8/9/2022
401;CSH112;CIUDADANIA Y ETICA;4;7/9/2022;8/9/2022
402;CSH113;PENSAMIENTO CREATIVO;4;7/9/2022;8/9/2022
403;CSH114;DESARROLLO DE HABILIDADES PARA EL TRABAJO EN EQUIPO Y EL LIDERAZGO;2;7/9/2022;8/9/2022
404;CSH115;DESARROLLO DE HABILIDADES COMUNICACIONALES PARA LA ORATORIA Y EL DEBATE;3;7/9/2022;8/9/2022
405;CSH116;ANTROPOLOGÍA DE GÉNERO;3;7/9/2022;8/9/2022
406;CSH117;DISCRIMINACIONES MÚLTIPLES Y DE GÉNERO;2;7/9/2022;8/9/2022
407;CSH118;LECTURA DRAMATIZADA;4;7/9/2022;8/9/2022
408;CSH119;VIOLENCIA Y SOCIEDAD;3;7/9/2022;8/9/2022
409;CSH120;FUNDAMENTOS DE LA ACTUACIÓN;3;7/9/2022;8/9/2022
410;CSH121;ESCRITURA CREATIVA;2;7/9/2022;8/9/2022
411;CSH122;TÉCNICAS DE IMPROVISACIÓN ACTORA;2;7/9/2022;8/9/2022
412;CSH128;INTRODUCCIÓN AL VESTUARIO ESCÉNICO;2;7/9/2022;8/9/2022
413;CSH129;INTRODUCCIÓN A LA FILOSOFÍA;4;7/9/2022;8/9/2022
414;CSH211;PSICOLOGIA DEL APRENDIZAJE II;4;7/9/2022;8/9/2022
415;CSH217;PRACTICA DOCENTE III MANEJO EN EL AULA;2;7/9/2022;8/9/2022
416;CSH224;PEDAGOGIA SOCIA;4;7/9/2022;8/9/2022
417;CSH226;INNOVACION EDUCATIVA;4;7/9/2022;8/9/2022
418;CSH237;IMPACTO SOCIAL (CSH);2;7/9/2022;8/9/2022
419;CSH304;ETICA PROFESIONAL DEL DOCENTE;4;7/9/2022;8/9/2022
420;CSH308;DIDACTICA DE LA HISTORIA;3;7/9/2022;8/9/2022
421;CSS101;SER HUMANO Y SOCIEDAD;3;7/9/2022;8/9/2022
422;CSS102;SER HUMANO Y SOCIEDAD: TEMAS SOCIALES CONTEMPORANEOS;4;7/9/2022;8/9/2022
423;CSS213;INTRODUCCION A LA SOCIOLOGIA;4;7/9/2022;8/9/2022
424;DCS601;SEMINARIO DE INVESTIGACIÓN I (FUNDAMENTOS DE INVESTIGACIÓN);2;7/9/2022;8/9/2022
425;DCS617;FILOSOFÍA DE LAS CIENCIAS SOCIALES;4;7/9/2022;8/9/2022
426;DCV601;SEMINARIO DE INVESTIGACIÓN I;4;7/9/2022;8/9/2022
427;DCV620;COMUNICACIÓN DIGITAL Y NUEVOS MEDIOS EMERGENTES;3;7/9/2022;8/9/2022
428;LCC205;ESTRUCTURA NARRATIVA;1;7/9/2022;8/9/2022
429;LCC207;ESCRITURA DEL GUION;1;7/9/2022;8/9/2022
430;LCC214;FUNDAMENTOS DE MONTAJE;1;7/9/2022;8/9/2022
431;LCC220;ESCRITURA NARRATIVA TRANSMEDIA Y SERIES WEB;1;7/9/2022;8/9/2022
432;LCC221;TEORIA Y PRACTICA DE LA PUESTA EN ESCENA;1;7/9/2022;8/9/2022
433;LCC222;HISTORIA Y FUNDAMENTOS DEL ARTE;1;7/9/2022;8/9/2022
434;LCC223;DRAMATURGIA;1;7/9/2022;8/9/2022
435;LCC224;FUNDAMENTOS DE FOTOGRAFÍA Y ESTÉTICA;1;7/9/2022;8/9/2022
436;LCC225;SEMIÓTICA;1;7/9/2022;8/9/2022
437;LCC226;HISTORIA DEL CINE;1;7/9/2022;8/9/2022
438;LCC227;HISTORIA Y ESTÉTICA DEL DOCUMENTA;1;7/9/2022;8/9/2022
439;LCC228;ESTRUCTURAS NARRATIVAS EN EL CARIBE;1;7/9/2022;8/9/2022
440;LCC229;TALLER DE CÁMARA E ILUMINACION;1;7/9/2022;8/9/2022
441;LCC230;TÉCNICAS Y FLUJOS DE TRABAJO EN POSTPRODUCCIÓN DIGITA;1;7/9/2022;8/9/2022
442;LCC231;DESARROLLO Y GESTIÓN DE PROYECTOS AUDIOVISUALES;1;7/9/2022;8/9/2022
443;LCC232;LEGISLACIÓN AUDIOVISUA;1;7/9/2022;8/9/2022
444;LCC304;PROYECTO INTEGRADOR DE DOCUMENTAL 3 MINUTOS;1;7/9/2022;8/9/2022
445;LCC305;GUION TECNICO;1;7/9/2022;8/9/2022
446;LCC308;TECNICA DE ESTUDIO DE TV;1;7/9/2022;8/9/2022
447;LCC309;DISEÑO DE PRODUCCION;1;7/9/2022;8/9/2022
448;LCC310;DIRECCION Y SELECCION DE ACTORES;1;7/9/2022;8/9/2022
449;LCC311;REPORTAJE PARA TELEVISION;1;7/9/2022;8/9/2022
450;LCC312;ANTEPROYECTO DE GRADO;1;7/9/2022;8/9/2022
451;LCC313;PRODUCCION II;1;7/9/2022;8/9/2022
452;LCC314;MERCADEO, DISTRIBUCION Y VENTA DE CONTENIDOS AUDIOVISUALES;1;7/9/2022;8/9/2022
453;LCC315;PROGRAMACION DE CONTENIDOS AUDIOVISUALES;1;7/9/2022;8/9/2022
454;LCC316;ADMINISTRACION Y GESTION CULTURAL: PASANTIA PROFESIONA;1;7/9/2022;8/9/2022
455;LCC317;PROYECTO FINAL DE GRADO (LCC);1;7/9/2022;8/9/2022
456;LCC318;ASISTENCIA DE DIRECCIÓN Y CONTINUIDAD;1;7/9/2022;8/9/2022
457;LCC322;PROYECTO INTEGRADOR FICCIÓN;1;7/9/2022;8/9/2022
458;LCC322L;PRÁCTICA DE PROYECTO INTEGRADOR FICCIÓN;1;7/9/2022;8/9/2022
459;LCC323;DIRECCIÓN DE FOTOGRAFÍA;1;7/9/2022;8/9/2022
460;LCC324;DISEÑO DE SONIDO;1;7/9/2022;8/9/2022
461;LCC325;MERCADEO Y PROGRAMACIÓN DE CONTENIDOS AUDIOVISUALES;1;7/9/2022;8/9/2022
462;LCC326;REPORTAJE DE TV;1;7/9/2022;8/9/2022
463;LCC327;MUSICALIZACIÓN Y MEZCLA DE SONIDO;1;7/9/2022;8/9/2022
464;LCC328;NUEVAS NARRATIVAS, FORMATOS DE PRODUCCIÓN Y DIFUSIÓN AUDIOVISUA;1;7/9/2022;8/9/2022
465;LCC329;DIRECCIÓN DOCUMENTAL DE CREACIÓN;1;7/9/2022;8/9/2022
466;LCC330;ESCRITURA DEL GUION II: PROYECTO FINAL DE GRADO;1;7/9/2022;8/9/2022
467;LCC331;ANÁLISIS CINEMATOGRÁFICO;1;7/9/2022;8/9/2022
468;LCC341;DIRECCION Y SELECCION DE ACTORES;1;7/9/2022;8/9/2022
469;LEE217;PSICOLINGUISTICA;1;7/9/2022;8/9/2022
470;LII214;SOCIOLINGÜÍSTICA DEL INGLÉS;1;7/9/2022;8/9/2022
471;LII304;LINGUISTICA APLICADA DEL INGLES;1;7/9/2022;8/9/2022
472;LII336;CULTURAS Y SOCIEDADES ANGLÓFONAS I;1;7/9/2022;8/9/2022
473;LMD102;INTRODUCCIÓN A LOS GÉNEROS PERIODÍSTICOS;1;7/9/2022;8/9/2022
474;LMD201;TEORIAS DE LA COMUNICACION;1;7/9/2022;8/9/2022
475;LMD205;PERIODISMO DE INVESTIGACION Y DESARROLLO;1;7/9/2022;8/9/2022
476;LMD209;ETICA PERIODISTICA;1;7/9/2022;8/9/2022
477;LMD213;PRODUCCIÓN DE FOTOGRAFÍA EN ENTORNOS DIGITALES;1;7/9/2022;8/9/2022
478;LMD214;CONTEXTO SOCIAL, POLÍTICO Y CULTURAL DOMINICANO;1;7/9/2022;8/9/2022
479;LMD303;ESCRITURA PARA MEDIOS DE COMUNICACION II;1;7/9/2022;8/9/2022
480;LMD313;TALLER DE REDACCION Y COBERTURA DE MEDIOS;1;7/9/2022;8/9/2022
481;LMD318;FOTOPERIODISMO;1;7/9/2022;8/9/2022
482;LMD319;TALLER DE RADIO Y TELEVISION;1;7/9/2022;8/9/2022
483;LMD320;TALLER DE PERIODISMO PARA DIARIOS, COBERTURA PERIODISTICA, EDICION, DISEÑO Y PRODUCCION;1;7/9/2022;8/9/2022
484;LMD323;TALLER PERSPECTIVAS Y TENDENCIAS INTERNACIONALES;1;7/9/2022;8/9/2022
485;LMD329;PRACTICA EN EMPRESAS DE RADIO, TELEVISION O PRENSA, AGENCIA DIGITAL, AGENCIA PUBLICITARIA;1;7/9/2022;8/9/2022
486;LMD330;COBERTURA PERIODISTICA PARA MEDIOS AUDIOVISUALES (TELEVISION Y RADIO);1;7/9/2022;8/9/2022
487;LMD333;DIRECCION DE DOCUMENTAL DE CREACION;1;7/9/2022;8/9/2022
488;LMD334;ESCRITURA NARRATIVA TRANSMEDIA Y SERIES WEB;1;7/9/2022;8/9/2022
489;LMD335;TRABAJO DE GRADO;1;7/9/2022;8/9/2022
490;LMD336;TÉCNICAS Y REGISTRO SONORO;1;7/9/2022;8/9/2022
491;LMD342;COMUNICACIÓN DIGITAL;1;7/9/2022;8/9/2022
492;LMD343;PRODUCCIÓN AUDIOVISUAL I;1;7/9/2022;8/9/2022
493;LMD343L;PRÁCTICA PRODUCCIÓN AUDIOVISUAL I;1;7/9/2022;8/9/2022
494;LMD348;TÉCNICAS Y FLUJOS DE POSTPRODUCCIÓN DIGITAL;1;7/9/2022;8/9/2022
495;LMD349;INTELIGENCIA ARTIFICIAL APLICADA AL PERIODISMO Y LA COMUNICACIÓN;1;7/9/2022;8/9/2022
496;LMD350;INVESTIGACIÓN DE AUDIENCIA Y DEL CONSUMIDOR;1;7/9/2022;8/9/2022
497;LSE313;HISTORIA DE LOS MUNDOS ATLANTICOS;1;7/9/2022;8/9/2022
498;LSE314;HISTORIA DE LAS CIVILIZACIONES III. MODERNA;1;7/9/2022;8/9/2022
499;LSE315;HISTORIA DE LOS PUEBLOS DEL CARIBE;1;7/9/2022;8/9/2022
500;LSE321;HISTORIA DE AMERICA (REPUBLICANA Y CONTEMPORANEA);1;7/9/2022;8/9/2022
501;LSE322;HISTORIA DOMINICANA III. (1924-1966);1;7/9/2022;8/9/2022
502;LSE323;HISTORIA DEL PENSAMIENTO POLITICO;1;7/9/2022;8/9/2022
503;LSE324;GEOGRAFIA HUMANA;1;7/9/2022;8/9/2022
504;LSE325;HISTORIA DOMINICANA IV. (1966-ACTUALIDAD);1;7/9/2022;8/9/2022
505;LSE326;INSTITUCIONES POLITICAS DOMINICANAS;1;7/9/2022;8/9/2022
506;MEV507;EVALUACION DE APRENDIZAJES;3;7/9/2022;8/9/2022
507;MEV508;EVALUACION DE CENTROS EDUCATIVOS;3;7/9/2022;8/9/2022
508;MEV509;INTERVENCION EN CONTEXTO II;3;7/9/2022;8/9/2022
509;MEV510;SEMINARIO EVALUACION DEL DESEMPEÑO DOCENTE;4;7/9/2022;8/9/2022
510;MEV511;ANALISIS DE DATOS CUANTITATIVOS I;3;7/9/2022;8/9/2022
511;MEV512;ANALISIS DE DATOS CUALITATIVOS;4;7/9/2022;8/9/2022
512;MEV513;INTERVENCION EN CONTEXTO III;2;7/9/2022;8/9/2022
513;MGA501;ETICA Y RESPONSABILIDAD SOCIAL;4;7/9/2022;8/9/2022
514;MGA502;ESTADISTICA APLICADA;4;7/9/2022;8/9/2022
515;MGA503;METODOLOGIA DE LA INVESTIGACION;3;7/9/2022;8/9/2022
516;MGP507;MODELOS Y TECNICAS DE INTERVENCION SOCIOEDUCATIVA;4;7/9/2022;8/9/2022
517;MGP508;TRANSVERSALIZACION DE GENERO EN POLITICAS EDUCATIVAS;4;7/9/2022;8/9/2022
518;MGP509;CURRICULO Y EVALUACION DE PROGRAMAS DE INTERVENCION EDUCATIVA I;3;7/9/2022;8/9/2022
519;MIN501;TEORIA DEL APRENDIZAJE;3;7/9/2022;8/9/2022
520;MIN505;EVALUACION DE LA INNOVACION;4;7/9/2022;8/9/2022
521;MIN506;DISEÑO DEL PENSAMIENTO CREATIVO;2;7/9/2022;8/9/2022
522;MIN513;TRABAJO FINAL DE INVESTIGACION;3;7/9/2022;8/9/2022
523;PSI201;PSICOLOGIA GENERAL I;4;7/9/2022;8/9/2022
524;PSI202;PSICOLOGIA GENERAL II;3;7/9/2022;8/9/2022
525;PSI203;HISTORIA DE LA PSICOLOGIA;2;7/9/2022;8/9/2022
526;PSI206;SISTEMAS PSICOLOGICOS CONTEMPORANEOS;3;7/9/2022;8/9/2022
527;PSI208;METODOLOGIA DE LA INVESTIGACION I;2;7/9/2022;8/9/2022
528;PSI209;SEXUALIDAD HUMANA;2;7/9/2022;8/9/2022
529;PSI210;METODOLOGIA DE LA INVESTIGACION II;2;7/9/2022;8/9/2022
530;PSI211;PROYECTO DE INVESTIGACION PSICOLOGICA;3;7/9/2022;8/9/2022
531;PSI214;METODOLOGIA DE LA INVESTIGACION II;2;7/9/2022;8/9/2022
532;PSI303;PSICOLOGIA SOCIAL;2;7/9/2022;8/9/2022
533;PSI306;PSICOLOGIA DE LA PERSONALIDAD;3;7/9/2022;8/9/2022
534;PSI308;PSICOLOGIA COGNOSCITIVA I;2;7/9/2022;8/9/2022
535;PSI315;ATENCION A LA DIVERSIDAD;4;7/9/2022;8/9/2022
536;PSI317;FUNDAMENTOS DE NEUROCIENCIA;2;7/9/2022;8/9/2022
537;PSI329;PASANTIA I DE PSICOLOGIA;3;7/9/2022;8/9/2022
538;PSI332;PASANTIA II DE PSICOLOGIA;2;7/9/2022;8/9/2022
539;PSI336;DESARROLLO DEL ADULTO Y LA VEJEZ;4;7/9/2022;8/9/2022
540;PSI338;INTRODUCCION A LA MEDICION PSICOLOGICA;3;7/9/2022;8/9/2022
541;PSI339;DESARROLLO INFANTIL Y ADOLESCENTE;4;7/9/2022;8/9/2022
542;PSI343;PSICOPATOLOGIA INFANTIL;2;7/9/2022;8/9/2022
543;PSI351;PSICOLOGIA POSITIVA;4;7/9/2022;8/9/2022
544;PSI358;MEDICION EN CLINICA PSICOLOGICA;2;7/9/2022;8/9/2022
545;PSI359;PROYECTO INTEGRADOR EN PSICOLOGIA CLINICA DEL ADULTO;4;7/9/2022;8/9/2022
546;PSI377;PSICOLOGIA DINAMICA;2;7/9/2022;8/9/2022
547;PSI382;PSICOLOGIA CRIMINALISTICA;3;7/9/2022;8/9/2022
548;PSI386;ORIENTACIÓN PROFESIONAL EN PSICOLOGÍA I;2;7/9/2022;8/9/2022
549;PSI387;PSICOLOGÍA DEL APRENDIZAJE;4;7/9/2022;8/9/2022
550;PSI387L;PRÁCTICA DE PSICOLOGÍA DEL APRENDIZAJE;1;7/9/2022;8/9/2022
551;PSI388;INTRODUCCION A LA MEDICIÓN PSICOLOGICA;3;7/9/2022;8/9/2022
552;PSI388L;PRACTICA INTRODUCCION A LA MEDICIÓN PSICOLOGICA;1;7/9/2022;8/9/2022
553;PSI389;PSICOLOGIA CONDUCTUAL I;4;7/9/2022;8/9/2022
554;PSI390;PSICOLOGIA CONDUCTUAL II;3;7/9/2022;8/9/2022
555;PSI390L;PRACTICA PSICOLOGIA CONDUCTUAL II;1;7/9/2022;8/9/2022
556;PSI391;ORIENTACIÓN PROFESIONAL EN PSICOLOGIA II;4;7/9/2022;8/9/2022
557;PSI394;PSICOLOGIA COGNOSCITIVA;2;7/9/2022;8/9/2022
558;PSI395;PSICOLOGIA FISIOLOGICA;2;7/9/2022;8/9/2022
559;PSI396;PSICOLOGIA SOCIAL;2;7/9/2022;8/9/2022
560;SHF201;FRANCES A1 1;2;7/9/2022;8/9/2022
561;SHF202;FRANCES A1 2;2;7/9/2022;8/9/2022
562;SHF203;FRANCES A2 1;2;7/9/2022;8/9/2022
563;SHF205;FRANCES A2 3;4;7/9/2022;8/9/2022
564;SHF302;FRANCES B1 3;3;7/9/2022;8/9/2022
565;SHI103;INGLES 01 (BASICO I);3;7/9/2022;8/9/2022
566;SHI104;INGLES 02 (BASICO II);2;7/9/2022;8/9/2022
567;SHI105;INGLES 03 (INTERMEDIO I);2;7/9/2022;8/9/2022
568;SHI106;INGLES 04 (INTERMEDIO II);4;7/9/2022;8/9/2022
569;SHI107;INGLES 05 (AVANZADO I);3;7/9/2022;8/9/2022
570;SHI108;INGLES 06 (AVANZADO II);4;7/9/2022;8/9/2022
571;SHI111;INGLES INTERMEDIO II;3;7/9/2022;8/9/2022
572;SHI112;INGLES AVANZADO I;2;7/9/2022;8/9/2022
573;SHI113;INGLES AVANZADO II (TECNICO PARA MEDICINA);3;7/9/2022;8/9/2022
574;SHI206;INGLES PARA NEGOCIOS;4;7/9/2022;8/9/2022
575;SHM201;MANDARIN A1 1;4;7/9/2022;8/9/2022
576;SHM203;MANDARIN A1 3;4;7/9/2022;8/9/2022
577;SHM205;MANDARIN A2 2;3;7/9/2022;8/9/2022
578;SHT201;ITALIANO A1 1;4;7/9/2022;8/9/2022
579;SHT202;ITALIANO A1 2;4;7/9/2022;8/9/2022
580;SIC301;PSICOLOGIA DE LA NEGOCIACION Y MEDIACION DE CONFLICTOS;3;7/9/2022;8/9/2022
581;ADM247;RESPONSABILIDAD SOCIAL EMPRESARIAL Y DESARROLLO SOSTENIBLE;4;7/9/2022;8/9/2022
582;ADM302;METODOS CUANTITATIVOS PARA NEGOCIOS;2;7/9/2022;8/9/2022
583;ADM315;ADMINISTRACION Y GESTION EMPRESARIA;2;7/9/2022;8/9/2022
584;ADM330;COMPORTAMIENTO ORGANIZACIONA;2;7/9/2022;8/9/2022
585;ADM334;GERENCIA DE PRODUCCION Y OPERACIONES;4;7/9/2022;8/9/2022
586;ADM334L;LABORATORIO GERENCIA DE PRODUCCION Y OPERACIONES;1;7/9/2022;8/9/2022
587;ADM335;ASPECTOS LEGALES EN LOS NEGOCIOS;3;7/9/2022;8/9/2022
588;ADM336;DERECHO LABORAL;4;7/9/2022;8/9/2022
589;ADM337;DERECHO COMERCIAL;4;7/9/2022;8/9/2022
590;ADM338;ESTRATEGIAS E INNOVACION;3;7/9/2022;8/9/2022
591;ADM339;FORMULACION Y EVALUACION DE PROYECTOS DE INVERSION;3;7/9/2022;8/9/2022
592;ADM340;MATEMATICAS FINANCIERAS;4;7/9/2022;8/9/2022
593;ADM341;GESTION DE PERSONAS;2;7/9/2022;8/9/2022
594;ANC501;PLANEACION ESTRATEGICA GERENCIAL;2;7/9/2022;8/9/2022
595;ANC503;HERRAMIENTAS, METODOS Y TECNICAS PARA LA SOLUCION DE PROBLEMAS;3;7/9/2022;8/9/2022
596;ANC506;GERENCIA DE PROCESOS;3;7/9/2022;8/9/2022
597;ANC514;SISTEMA Y TECNOLOGIA DE LA INFORMACION PARA LA MEJORA CONTINUA;3;7/9/2022;8/9/2022
598;ANC515;GESTION Y AUDITORIA DE SISTEMAS ADMINISTRATIVOS MEDIOAMBIENTALES;4;7/9/2022;8/9/2022
599;ANC516;SISTEMAS ESBELTOS PARA PROCESOS DE SERVICIO;3;7/9/2022;8/9/2022
600;CCP103;CREATIVIDAD;4;7/9/2022;8/9/2022
601;CCP104;GRAFISMO;4;7/9/2022;8/9/2022
602;CCP202;GERENCIA DE PROYECTOS;4;7/9/2022;8/9/2022
603;CCP203;PSICOLOGIA DEL CONSUMIDOR;4;7/9/2022;8/9/2022
604;CCP205;PUBLICIDAD;4;7/9/2022;8/9/2022
605;CCP206;BASICOS DEL DISEÑO;4;7/9/2022;8/9/2022
606;CCP207;AUTORREGULACION PUBLICITARIA;3;7/9/2022;8/9/2022
607;CCP210;BASICO DE NARRATIVA (STORYTELLING);4;7/9/2022;8/9/2022
608;CCP212;CREATIVIDAD PUBLICITARIA I;4;7/9/2022;8/9/2022
609;CCP213;PERSPECTIVA;3;7/9/2022;8/9/2022
610;CCP214;EXPRESIÓN TIPOGRÁFICA;4;7/9/2022;8/9/2022
611;CCP301;PROCESOS CREATIVOS;4;7/9/2022;8/9/2022
612;CCP302;EXPLORACION DE TENDENCIAS;2;7/9/2022;8/9/2022
613;CCP304;PROYECTO DE INVESTIGACION DEL CONSUMIDOR;3;7/9/2022;8/9/2022
614;CCP305;INVESTIGACION PUBLICITARIA;4;7/9/2022;8/9/2022
615;CCP306;FOTOGRAFIA PUBLICITARIA;2;7/9/2022;8/9/2022
616;CCP307;DISEÑO PUBLICITARIO II;4;7/9/2022;8/9/2022
617;CCP308;BRANDING II;3;7/9/2022;8/9/2022
618;CCP310;ANTROPOLOGIA DIGITA;2;7/9/2022;8/9/2022
619;CCP312;CREATIVIDAD PUBLICITARIA II;4;7/9/2022;8/9/2022
620;CCP314;DISEÑO DIGITA;2;7/9/2022;8/9/2022
621;CCP315;ACCOUNT PLANNING;4;7/9/2022;8/9/2022
622;CCP317;DISEÑO POS;4;7/9/2022;8/9/2022
623;CCP319;TRIBUS DE CONSUMIDORES;2;7/9/2022;8/9/2022
624;CCP320;ESTRATEGIA DE CONEXION (MEDIOS ANALOGOS Y DIGITALES);2;7/9/2022;8/9/2022
625;CCP324;PRODUCCION AUDIO Y MUSICA COMERCIA;3;7/9/2022;8/9/2022
626;CCP325;PRESUPUESTO DE COMUNICACION MARKETING;3;7/9/2022;8/9/2022
627;CCP326;MODELOS DE NEGOCIOS DE LAS AGENCIAS DE COMUNICACION COMERCIA;3;7/9/2022;8/9/2022
628;CCP327;DISEÑO DE PRODUCTOS/EMPAQUES;2;7/9/2022;8/9/2022
629;CCP330;TALLER: SIMULADOR AGENCIA;4;7/9/2022;8/9/2022
630;CCP331;LABORATORIO PRESENTACIONES ESPECULATIVAS DE NUEVOS NEGOCIOS;2;7/9/2022;8/9/2022
631;CCP333;CREATIVIDAD Y TECNOLOGIA;3;7/9/2022;8/9/2022
632;CCP334;MEDIOS DE COMUNICACION;2;7/9/2022;8/9/2022
633;CON203;CONTABILIDAD FINANCIERA BASICA;3;7/9/2022;8/9/2022
634;CON203L;TALLER CONTABILIDAD FINANCIERA BASICA;1;7/9/2022;8/9/2022
635;CON204;CONTABILIDAD FINANCIERA INTERMEDIA;2;7/9/2022;8/9/2022
636;CON204L;TALLER CONTABILIDAD FINANCIERA INTERMEDIA;1;7/9/2022;8/9/2022
637;CON213;FUNDAMENTOS DE CONTABILIDAD;4;7/9/2022;8/9/2022
638;CON214;CONTABILIDAD FINANCIERA I;2;7/9/2022;8/9/2022
639;CON214L;LABORATORIO CONTABILIDAD FINANCIERA I;1;7/9/2022;8/9/2022
640;CON215;CONTABILIDAD GERENCIA;3;7/9/2022;8/9/2022
641;CON320;ANALISIS DE ESTADOS FINANCIEROS;4;7/9/2022;8/9/2022
642;CON335;PLANIFICACION FINANCIERA Y CONTROL PRESUPUESTARIO;3;7/9/2022;8/9/2022
643;CON340;TRIBUTACION I;4;7/9/2022;8/9/2022
644;CON344;DIANOSTICO FINANCIERO;4;7/9/2022;8/9/2022
645;CON357;CONTABILIDAD FINANCIERA AVANZADA;4;7/9/2022;8/9/2022
646;CON357L;TALLER DE CONTABILIDAD FINANCIERA AVANZADA;1;7/9/2022;8/9/2022
647;CON358;CONTABILIDAD DE COSTOS I;2;7/9/2022;8/9/2022
648;CON366;CONTABILIDAD DE COSTOS II;2;7/9/2022;8/9/2022
649;CON366L;TALLER COSTOS PARA TOMA DE DECISIONES;1;7/9/2022;8/9/2022
650;CON367;TRIBUTACION II;2;7/9/2022;8/9/2022
651;CON367L;TALLER DE TRIBUTACION;1;7/9/2022;8/9/2022
652;EAN405;INVESTIGACION OPERATIVA;4;7/9/2022;8/9/2022
653;ECO203;INTRODUCCION A LA ECONOMIA;2;7/9/2022;8/9/2022
654;ECO206;ECONOMIA PARA NEGOCIOS;3;7/9/2022;8/9/2022
655;ECO208;ECONOMÍA CREATIVA Y DE INNOVACIÓN (ECONOMÍA NARANJA);3;7/9/2022;8/9/2022
656;ECO302;MODELOS MATEMATICOS EN ECONOMIA II;2;7/9/2022;8/9/2022
657;ECO303;MICROECONOMIA I;2;7/9/2022;8/9/2022
658;ECO304;MICROECONOMIA II;2;7/9/2022;8/9/2022
659;ECO305;MACROECONOMIA I;4;7/9/2022;8/9/2022
660;ECO306;MACROECONOMIA II;3;7/9/2022;8/9/2022
661;ECO309;TEORIA MONETARIA;2;7/9/2022;8/9/2022
662;ECO311;ECONOMIA INTERNACIONAL I;4;7/9/2022;8/9/2022
663;ECO312;ECONOMIA INTERNACIONAL II;4;7/9/2022;8/9/2022
664;ECO314;DESARROLLO ECONOMICO;4;7/9/2022;8/9/2022
665;ECO322;ECONOMIA DE EMPRESA;3;7/9/2022;8/9/2022
666;ECO325;ORGANIZACION INDUSTRIA;2;7/9/2022;8/9/2022
667;ECO327;ECONOMIA FINANCIERA;4;7/9/2022;8/9/2022
668;ECO331;HISTORIA DEL ANALISIS ECONOMICO I;2;7/9/2022;8/9/2022
669;ECO336;ECONOMETRIA I;2;7/9/2022;8/9/2022
670;ECO336L;LABORATORIO ECONOMETRIA I;1;7/9/2022;8/9/2022
671;ECO340;TOPICOS DE ECONOMETRIA;4;7/9/2022;8/9/2022
672;ECO340L;LABORATORIO DE TOPICOS DE ECONOMETRIA;1;7/9/2022;8/9/2022
673;ECO342;INVESTIGACION FINAL DE GRADO;2;7/9/2022;8/9/2022
674;ECO343;ANALISIS DE LA ECONOMIA DOMINICANA;3;7/9/2022;8/9/2022
675;ECO345;ECONOMIA AMBIENTAL;3;7/9/2022;8/9/2022
676;ECO346;LABORATORIO APLICACIONES MACROECONOMICAS;2;7/9/2022;8/9/2022
677;ECO347;HISTORIA DEL ANALISIS ECONOMICO II;3;7/9/2022;8/9/2022
678;ECO348;ECONOMETRIA FINANCIERA Y DE NEGOCIOS;4;7/9/2022;8/9/2022
679;ECO350;MODELOS MATEMATICOS EN ECONOMIA I;4;7/9/2022;8/9/2022
680;ECO351;MICROECONOMIA I;4;7/9/2022;8/9/2022
681;GTH513;GESTION ESTRATEGICA DEL TALENTO POR COMPETENCIAS;2;7/9/2022;8/9/2022
682;GTH514;COMPORTAMIENTO ORGANIZACIONA;2;7/9/2022;8/9/2022
683;GTH517;RECLUTAMIENTO, SELECCION E INTEGRACION DE TALENTOS;3;7/9/2022;8/9/2022
684;LIC201;INTRODUCCIÓN INGENIERÍA COMERCIA;1;7/9/2022;8/9/2022
685;LIC301;DISEÑO DE PROCESOS E INDICADORES;1;7/9/2022;8/9/2022
686;LIC302;COSTO DE PROCESOS COMERCIALES;1;7/9/2022;8/9/2022
687;LIF201;FINANZAS I;1;7/9/2022;8/9/2022
688;LIF202;ANALISIS FINANCIERO PARA MERCADEO;1;7/9/2022;8/9/2022
689;LIF301;FINANZAS II;1;7/9/2022;8/9/2022
690;LIF302;MERCADOTECNIA FINANCIERA;1;7/9/2022;8/9/2022
691;LIF303;FINANAZAS INTERNACIONALES;1;7/9/2022;8/9/2022
692;LIF304;INTELIGENCIA FINANCIERA Y DE NEGOCIOS;1;7/9/2022;8/9/2022
693;LIF305;PORTAFOLIOS E INSTRUMENTOS DE INVERSION;1;7/9/2022;8/9/2022
694;LIF306;ADMINISTRACION FINANCIERA;1;7/9/2022;8/9/2022
695;LIF310;TEORIA DEL ARBITRAJE;1;7/9/2022;8/9/2022
696;LNI101;PERSPECTIVA INTERNACIONA;1;7/9/2022;8/9/2022
697;LNI201;INTRODUCCION A LOS NEGOCIOS;1;7/9/2022;8/9/2022
698;LNI205;POSICIONAMIENTO ESTRATÉGICO GLOBAL;1;7/9/2022;8/9/2022
699;LNI300;ESTRATEGIAS DE INTERNACIONALIZACION;1;7/9/2022;8/9/2022
700;LNI301;GEOESTRATEGIAS Y SISTEMAS DE INTEGRACION ECONOMICOS;1;7/9/2022;8/9/2022
701;LNI304;GERENCIA FINANCIERA INTERNACIONAL;1;7/9/2022;8/9/2022
702;LNI307;DERECHO INTERNACIONAL, ARBITRAJE Y NEGOCIACION;1;7/9/2022;8/9/2022
703;LNI309;CADENAS GLOBALES DE VALOR;1;7/9/2022;8/9/2022
704;LNI311;INTERNATIONAL BUSINESS TOPICS;1;7/9/2022;8/9/2022
705;LNI312;EXPORTACION E IMPORTACION;1;7/9/2022;8/9/2022
706;LNI316;ADUANAS, POLITICAS Y NORMATIVAS INTERNACIONALES;1;7/9/2022;8/9/2022
707;LNI322;INTELIGENCIA DE NEGOCIOS INTERNACIONALES CON SIMULACION;1;7/9/2022;8/9/2022
708;LNI323;INTRODUCCION A LOS NEGOCIOS INTERNACIONALES;1;7/9/2022;8/9/2022
709;LNI324;INSTITUCIONES Y NORMAS ECONÓMICAS INTERNACIONALES;1;7/9/2022;8/9/2022
710;LNI325;POLITICAS Y NORMATIVAS ADUANERAS;1;7/9/2022;8/9/2022
711;LNI327;REGÍMENES Y VALORACIÓN ADUANERA;1;7/9/2022;8/9/2022
712;LNI328;GEOESTRATEGIAS Y SISTEMAS DE INTEGRACIÓN ECONÓMICA;1;7/9/2022;8/9/2022
713;LNI329;GESTIÓN INTERNACIONAL DE TALENTOS;1;7/9/2022;8/9/2022
714;LNI330;GERENCIA DE EXPORTACIÓN E IMPORTACIÓN;1;7/9/2022;8/9/2022
715;LNI337;BUSINESS INTELLIGENCE;1;7/9/2022;8/9/2022
716;LNI337L;SOFTWARE BI;1;7/9/2022;8/9/2022
717;MAF504;FINANZAS CORPORATIVAS I;3;7/9/2022;8/9/2022
718;MAF505;MERCADOS E INSTRUMENTOS FINANCIEROS;2;7/9/2022;8/9/2022
719;MAF506;DIRECCION Y CONTROL DE LA GESTION ESTRATEGICA;4;7/9/2022;8/9/2022
720;MAF510;GESTION DE PORTAFOLIOS;4;7/9/2022;8/9/2022
721;MAF511;DERIVADOS, OPCIONES Y FUTUROS;2;7/9/2022;8/9/2022
722;MAF512;ANALITICA E INTELIGENCIA DE NEGOCIOS;2;7/9/2022;8/9/2022
723;MAF513;SEMINARIO DE INVESTIGACION;3;7/9/2022;8/9/2022
724;MAF517;FUSIONES, ADQUISICIONES Y REESTRUCTURACIONES;3;7/9/2022;8/9/2022
725;MAF520;ANALISIS CREDITICIO Y REGULACIONES FINANCIERAS;3;7/9/2022;8/9/2022
726;MAG516;PLANES PARA NUEVOS NEGOCIOS;3;7/9/2022;8/9/2022
727;MAG518;SEMINARIO DE INVESTIGACION;2;7/9/2022;8/9/2022
728;MAG526;GESTION DE CALIDAD DE SERVICIOS (C. GESTION DE SERVICIOS);2;7/9/2022;8/9/2022
729;MAS501;DIRECCION DE SERVICIOS DE SALUD;4;7/9/2022;8/9/2022
730;MBA536;ANALISIS FINANCIERO PARA DECISIONES;3;7/9/2022;8/9/2022
731;MBA537;GERENCIA DE OPERACIONES;3;7/9/2022;8/9/2022
732;MBA538;GESTION HUMANA;2;7/9/2022;8/9/2022
733;MBA539;GERENCIA FINANCIERA;4;7/9/2022;8/9/2022
734;MBA540;DIRECCION Y MONITOREO ESTRATEGICO;3;7/9/2022;8/9/2022
735;MBA541;LIDERAZGO Y HABILIDADES GERENCIALES;2;7/9/2022;8/9/2022
736;MBA542;ANALITICA E INTELIGENCIA DE NEGOCIOS;4;7/9/2022;8/9/2022
737;MBA552;COMPORTAMIENTO DEL CONSUMIDOR;3;7/9/2022;8/9/2022
738;MEA507;ECONOMETRIA;4;7/9/2022;8/9/2022
739;MEA508;DATA MINING;3;7/9/2022;8/9/2022
740;MEA514;METODOS DEMOGRAFICOS;4;7/9/2022;8/9/2022
741;MEA515;PROYECTO DE GRADO;2;7/9/2022;8/9/2022
742;MEA519;ANALISIS PREDICTIVO DE NEGOCIOS (CA);2;7/9/2022;8/9/2022
743;MEA523;METODOS CUALITATIVOS (CI);4;7/9/2022;8/9/2022
744;MER206;NEUROMARKETING;2;7/9/2022;8/9/2022
745;MER207;GERENCIA DE PRODUCTOS;2;7/9/2022;8/9/2022
746;MER210;PRINCIPIOS DE MERCADEO;3;7/9/2022;8/9/2022
747;MER211;MARKETING DE EMBUDO Y AUTOMATIZACIÓN;4;7/9/2022;8/9/2022
748;MER305;MERCADEO INTERNACIONA;4;7/9/2022;8/9/2022
749;MER307;ESTRATEGIA DE PRECIOS;4;7/9/2022;8/9/2022
750;MER308;DESARROLLO DE NUEVOS PRODUCTOS;4;7/9/2022;8/9/2022
751;MER312;E-MARKETING Y COMERCIO ELECTRONICO;3;7/9/2022;8/9/2022
752;MER317;COMPORTAMIENTO DEL CONSUMIDOR;2;7/9/2022;8/9/2022
753;MER321;PRINCIPIOS DE MERCADEO;2;7/9/2022;8/9/2022
754;MER328;DIRECCION COMERCIAL Y VENTAS;2;7/9/2022;8/9/2022
755;MER329;RELACIONES PUBLICAS Y GESTION DE EVENTOS;4;7/9/2022;8/9/2022
756;MER331;GERENCIA Y MERCADEO DE SERVICIOS;3;7/9/2022;8/9/2022
757;MER332;DATAMINING;4;7/9/2022;8/9/2022
758;MER333;ESTRATEGIAS DE MARKETING;2;7/9/2022;8/9/2022
759;MER334;COMUNICACION INTEGRADA DE MERCADEO;2;7/9/2022;8/9/2022
760;MER336;ESTRATEGIAS DE PRECIOS;3;7/9/2022;8/9/2022
761;MER338;MERCADEO DIGITA;3;7/9/2022;8/9/2022
762;MER339;PROMOCIÓN DE VENTAS;4;7/9/2022;8/9/2022
763;MER343;MERCADEO INTERNACIONA;4;7/9/2022;8/9/2022
764;MGA501;ETICA Y RESPONSABILIDAD SOCIAL;3;7/9/2022;8/9/2022
765;MGA502;ESTADISTICA APLICADA;3;7/9/2022;8/9/2022
766;MGA504;ANALISIS DE CASOS Y MODELOS DE NEGOCIOS;2;7/9/2022;8/9/2022
767;NEG101;INTELIGENCIA FINANCIERA;2;7/9/2022;8/9/2022
768;NEG202;INVESTIGACION PARA NEGOCIOS;3;7/9/2022;8/9/2022
769;NEG203;HOJA DE CALCULO PARA NEGOCIOS;3;7/9/2022;8/9/2022
770;NEG205;EMPRENDEDURISMO Y NUEVOS NEGOCIOS;3;7/9/2022;8/9/2022
771;NEG208;IMPACTO SOCIAL (NEG);2;7/9/2022;8/9/2022
772;NEG302;SISTEMAS DE INFORMACION GERENCIA;3;7/9/2022;8/9/2022
773;NEG304;PLANES DE NEGOCIACION;4;7/9/2022;8/9/2022
774;NEG305;COMUNICACION COMERCIA;2;7/9/2022;8/9/2022
775;NEG306;TECNICAS DE NEGOCIACION;2;7/9/2022;8/9/2022
776;NEG307;REDACCION DE INFORMES TECNICOS;2;7/9/2022;8/9/2022
777;NEG308;COMMUNITY MANAGEMENT;4;7/9/2022;8/9/2022
778;NEG313;TALLER INTEGRADOR Y SIMULACION DE NEGOCIOS;3;7/9/2022;8/9/2022
779;NEG318;TALLER INTEGRADOR Y SIMULACION DE NEGOCIOS;2;7/9/2022;8/9/2022
780;NEG319;TALLER INTEGRADOR Y SIMULACION DE NEGOCIOS;2;7/9/2022;8/9/2022
781;NEG320;TALLER INTEGRADOR Y SIMULACION DE NEGOCIOS;2;7/9/2022;8/9/2022
782;NEG321;TALLER INTEGRADOR Y SIMULACION DE NEGOCIOS;4;7/9/2022;8/9/2022
783;NEG322;TALLER INTEGRADOR Y SIMULACION DE NEGOCIOS;2;7/9/2022;8/9/2022
784;NEG323;LIDERAZGO Y TRABAJO EN EQUIPO;4;7/9/2022;8/9/2022
785;NEG326;SISTEMAS INTEGRADOS DE INFORMACIÓN EN LOS NEGOCIOS;4;7/9/2022;8/9/2022
786;NEG327;SISTEMAS DE INFORMACIÓN INTEGRADOS EN OPERACIONES;4;7/9/2022;8/9/2022
787;AIS502;ECONOMIA AMBIENTAL;4;7/9/2022;8/9/2022
788;AIS506;GESTION INTEGRAL DE RESIDUOS SOLIDOS;3;7/9/2022;8/9/2022
789;AIS517;SISTEMAS DE ABASTECIMIENTO DE AGUAS;4;7/9/2022;8/9/2022
790;AIS517L;LABORATORIO DE SISTEMAS DE ABASTECIMIENTO DE AGUAS;1;7/9/2022;8/9/2022
791;AIS526;TRABAJO DE GRADO (ISA);2;7/9/2022;8/9/2022
792;ASL353;LABORATORIO DE ANATOMIA EN INGENIERIA BIOMEDICA;1;7/9/2022;8/9/2022
793;ASM353;ANATOMIA EN INGENIERIA BIOMEDICA;2;7/9/2022;8/9/2022
794;CIV203;INTRODUCCION A LA INGENIERIA CIVI;3;7/9/2022;8/9/2022
795;CIV204;CONSEJERIA PROFESIONAL INGENIERIA CIVIL I;2;7/9/2022;8/9/2022
796;CIV304;MATERIALES DE CONSTRUCCION;2;7/9/2022;8/9/2022
797;CIV304L;LABORATORIO MATERIALES DE CONSTRUCCION;1;7/9/2022;8/9/2022
798;CIV305;INGENIERIA HIDRAULICA I;4;7/9/2022;8/9/2022
799;CIV305L;LABORATORIO DE INGENIERIA HIDRAULICA I;1;7/9/2022;8/9/2022
800;CIV306;MECANICA DE SUELOS;4;7/9/2022;8/9/2022
801;CIV306L;LABORATORIO DE MECANICA DE SUELOS;1;7/9/2022;8/9/2022
802;CIV307;INGENIERIA HIDRAULICA II;4;7/9/2022;8/9/2022
803;CIV307L;LABORATORIO DE INGENIERIA HIDRAULICA II;1;7/9/2022;8/9/2022
804;CIV308;GESTION AMBIENTAL Y CONSTRUCCION SUSTENTABLE;3;7/9/2022;8/9/2022
805;CIV309;DISEÑO DE PAVIMENTOS Y VIAS;4;7/9/2022;8/9/2022
806;CIV310;INGENIERIA SANITARIA I;4;7/9/2022;8/9/2022
807;CIV310L;LABORATORIO DE INGENIERIA SANITARIA I;1;7/9/2022;8/9/2022
808;CIV311;DIBUJO CIVIL;3;7/9/2022;8/9/2022
809;CIV311L;LABORATORIO DE DIBUJO CIVIL;1;7/9/2022;8/9/2022
810;CIV312;INGENIERIA SANITARIA II;3;7/9/2022;8/9/2022
811;CIV312L;LABORATORIO DE INGENIERIA SANITARIA II;1;7/9/2022;8/9/2022
812;CIV313;PROYECTO DE DISEÑO DE INGENIERIA CIVIL I;3;7/9/2022;8/9/2022
813;CIV314;PASANTIA PROFESIONAL I;2;7/9/2022;8/9/2022
814;CIV315;DISEÑO ASISTIDO POR COMPUTADORA;4;7/9/2022;8/9/2022
815;CIV317;SEGURIDAD DE OBRAS;3;7/9/2022;8/9/2022
816;CIV318;DISEÑO ESTRUCTURAS SISMO RESISTENTE;2;7/9/2022;8/9/2022
817;CIV319;PASANTIA PROFESIONAL II;4;7/9/2022;8/9/2022
818;CIV320;DISEÑO ESTRUCTURAS DE HORMIGON I;3;7/9/2022;8/9/2022
819;CIV321;DISEÑO ESTRUCTURA DE HORMIGON II;2;7/9/2022;8/9/2022
820;CIV322;DISEÑO ESTRUCTURAS METALICAS;2;7/9/2022;8/9/2022
821;CIV323;INGENIERIA DE CIMENTACIONES;4;7/9/2022;8/9/2022
822;CIV324;INGENIERIA DE TRANSITO Y TRANSPORTE;4;7/9/2022;8/9/2022
823;CIV325;GESTION HUMANA, FIANZAS Y SEGUROS EN LA CONSTRUCCION;2;7/9/2022;8/9/2022
824;CIV326;TOPOGRAFIA;2;7/9/2022;8/9/2022
825;CIV326L;LABORATORIO DE TOPOGRAFIA;1;7/9/2022;8/9/2022
826;CIV327;INTRODUCCION A LA INGENIERIA GEOMATICA;3;7/9/2022;8/9/2022
827;CIV328;SISTEMAS DE INFORMACIÓN GEOGRÁFICA (SIG) PARA INGENIEROS;3;7/9/2022;8/9/2022
828;CIV329;GEOLOGIA;3;7/9/2022;8/9/2022
829;CIV329L;LABORATORIO DE GEOLOGIA;1;7/9/2022;8/9/2022
830;CIV330;TEORIA ESTRUCTURAL I;4;7/9/2022;8/9/2022
831;CIV331;TEORIA ESTRUCTURAL II;2;7/9/2022;8/9/2022
832;CIV332;HIDROLOGIA;3;7/9/2022;8/9/2022
833;CIV346;CAMBIO CLIMÁTICO: MITIGACIÓN Y ADAPTACIÓN;2;7/9/2022;8/9/2022
834;ELE301;HERRAMIENTAS INFORMATICAS PARA INGENIERIAS;1;7/9/2022;8/9/2022
835;ELE301L;LABORATORIO DE HERRAMIENTAS INFORMATICAS PARA INGENIERIAS;1;7/9/2022;8/9/2022
836;ELE303;DISEÑO DE INSTALACIONES ELECTRICAS;1;7/9/2022;8/9/2022
837;ELE303L;LABORATORIO DE DISEÑO DE INSTALACIONES ELECTRICAS;1;7/9/2022;8/9/2022
838;ESO508;COSTOS Y PRESUPUESTO DE OBRAS;2;7/9/2022;8/9/2022
839;ESO509;FUNDAMENTOS FINANCIEROS Y TRIBUTARIOS;4;7/9/2022;8/9/2022
840;ESO510;CONTROL DE CALIDAD Y PATOLOGIA EN LA CONSTRUCCION;4;7/9/2022;8/9/2022
841;ESO511;SEMINARIO DE HERRAMIENTAS TECNOLOGICAS SUPERVISION;4;7/9/2022;8/9/2022
842;IBI201;INTRODUCCION A LA INGENIERIA BIOMEDICA;2;7/9/2022;8/9/2022
843;IBI305;BIOMECANICA;3;7/9/2022;8/9/2022
844;IBI305L;LABORATORIO DE BIOMECANICA;1;7/9/2022;8/9/2022
845;IBI306;IMAGENES MEDICAS;3;7/9/2022;8/9/2022
846;IBI306L;LABORATORIO DE IMAGENES MEDICAS;1;7/9/2022;8/9/2022
847;IBI311;PROYECTO DE INGENIERIA BIOMEDICA I;2;7/9/2022;8/9/2022
848;IBI312;SISTEMA DE AYUDA A LA DECISION MEDICA;4;7/9/2022;8/9/2022
849;IBI314;BIOSENSORES;3;7/9/2022;8/9/2022
850;ICS101;CIENCIA, TECNOLOGIA Y SOCIEDAD;4;7/9/2022;8/9/2022
851;ICS201;EL CIBERESPACIO, LA CIBERGUERRA, LA GOBERNANZA INTERNET;3;7/9/2022;8/9/2022
852;ICS205;INTRODUCCIÓN A LA INGENIERÍA EN CIBERSEGURIDAD;4;7/9/2022;8/9/2022
853;ICS301;ANALISIS DE MALWARE;4;7/9/2022;8/9/2022
854;ICS301L;LABORATORIO DE ANALISIS DE MALWARE;1;7/9/2022;8/9/2022
855;ICS302;CRIPTOGRAFIA;2;7/9/2022;8/9/2022
856;ICS302L;LABORATORIO DE CRIPTOGRAFIA;1;7/9/2022;8/9/2022
857;ICS304;MARCO JURIDICO CYDAT;4;7/9/2022;8/9/2022
858;ICS305;INFORMATICA FORENSE;2;7/9/2022;8/9/2022
859;ICS305L;LABORATORIO DE INFORMATICA FORENSE;1;7/9/2022;8/9/2022
860;ICS308;PASANTIA PROFESIONAL DE CIBERSEGURIDAD I;3;7/9/2022;8/9/2022
861;ICS309;PROYECTO FINAL I DE CIBERSEGURIDAD;4;7/9/2022;8/9/2022
862;ICS310;PROYECTO FINAL II DE CIBERSEGURIDAD;3;7/9/2022;8/9/2022
863;ICS311;GESTION DE INFRAESTRUCTURAS CRITICAS DE TI;3;7/9/2022;8/9/2022
864;ICS311L;LABORATORIO GESTION DE INFRAESTRUCTURAS CRITICAS DE TI;1;7/9/2022;8/9/2022
865;ICS312;PASANTIA PROFESIONAL DE CIBERSEGURIDAD II;4;7/9/2022;8/9/2022
866;ICS319;ETHICAL HACKING;2;7/9/2022;8/9/2022
867;ICS319L;LABORATORIO ETHICAL HACKING;1;7/9/2022;8/9/2022
868;ICS320;FUNDAMENTOS DE CIBERSEGURIDAD;3;7/9/2022;8/9/2022
869;ICS321;CIBERSEGURIDAD II CONSEJERIA INGENIERIA;4;7/9/2022;8/9/2022
870;ICS323;PASANTÍA PROFESIONAL DE CIBERSEGURIDAD I;3;7/9/2022;8/9/2022
871;ICS325;ANTE PROYECTO DE CIBERSEGURIDAD;4;7/9/2022;8/9/2022
872;ICS326;POLITICAS, PROCEDIMIENTOS Y AUDITORIA EN CIBERSEGURIDAD;2;7/9/2022;8/9/2022
873;IDS202;TECNOLOGIA DE OBJETOS;4;7/9/2022;8/9/2022
874;IDS202L;LABORATORIO TECNOLOGIA DE OBJETOS;1;7/9/2022;8/9/2022
875;IDS207;INTRODUCCION A LA INGENIERIA DE SOFTWARE;2;7/9/2022;8/9/2022
876;IDS208;TEAM BUILDING;2;7/9/2022;8/9/2022
877;IDS303;PRACTICA PROFESIONAL DE INGENIERIA DE SOFTWARE;3;7/9/2022;8/9/2022
878;IDS309;ARQUITECTURA DE SOFTWARE;4;7/9/2022;8/9/2022
879;IDS311;PROCESO DE SOFTWARE;2;7/9/2022;8/9/2022
880;IDS322;MANTENIMIENTO DE SOFTWARE;4;7/9/2022;8/9/2022
881;IDS323;TECNICAS FUNDAMENTALES DE INGENIERIA DE SOFTWARE;3;7/9/2022;8/9/2022
882;IDS323L;LABORATORIO TECNICAS FUNDAMENTALES DE INGENIERIA DE SOFTWARE;1;7/9/2022;8/9/2022
883;IDS324;INGENIERIA DE REQUERIMIENTOS DE SOFTWARE;3;7/9/2022;8/9/2022
884;IDS324L;LABORATORIO INGENIERIA DE REQUERIMIENTOS DE SOFTWARE;1;7/9/2022;8/9/2022
885;IDS325;ASEGURAMIENTO DE LA CALIDAD DEL SOFTWARE;2;7/9/2022;8/9/2022
886;IDS325L;LABORATORIO ASEGURAMIENTO DE LA CALIDAD DEL SOFTWARE;1;7/9/2022;8/9/2022
887;IDS326;CONSTRUCCION DE SOFTWARE;4;7/9/2022;8/9/2022
888;IDS326L;LABORATORIO CONSTRUCCION DE SOFTWARE;1;7/9/2022;8/9/2022
889;IDS329;INGENIERIA DE FACTORES HUMANOS;2;7/9/2022;8/9/2022
890;IDS329L;LABORATORIO INGENIERIA DE FACTORES HUMANOS;1;7/9/2022;8/9/2022
891;IDS332;PROYECTO FINAL DE INGENIERIA DE SOFTWARE II;2;7/9/2022;8/9/2022
892;IDS333;PROYECTO FINAL DE INGENIERIA DE SOFTWARE III;2;7/9/2022;8/9/2022
893;IDS335;DISEÑO DE SOFTWARE;4;7/9/2022;8/9/2022
894;IDS336;FUNDAMENTOS DE CIBERSEGURIDAD;4;7/9/2022;8/9/2022
895;IDS338;ECONOMIA DEL SOFTWARE;3;7/9/2022;8/9/2022
896;IDS340;DESARROLLO DE SOFTWARE I;4;7/9/2022;8/9/2022
897;IDS340L;LABORATORIO DE DESARROLLO DE SOFTWARE I;1;7/9/2022;8/9/2022
898;IDS341;DESARROLLO DE SOFTWARE II;2;7/9/2022;8/9/2022
899;IDS341L;LABORATORIO DE DESARROLLO DE SOFTWARE II;1;7/9/2022;8/9/2022
900;IDS342;CONSEJERIA PROFESIONAL INGENIERIA DE SOFTWARE I;2;7/9/2022;8/9/2022
901;IDS343;ESTRUCTURAS DE DATOS Y ALGORITMOS I;3;7/9/2022;8/9/2022
902;IDS343L;LABORATORIO ESTRUCTURAS DE DATOS Y ALGORITMOS I;1;7/9/2022;8/9/2022
903;IDS345;DESARROLLO DE SOFTWARE III;4;7/9/2022;8/9/2022
904;IDS345L;LABORATORIO DE DESARROLLO DE SOFTWARE III;1;7/9/2022;8/9/2022
905;IDS346;MODELOS Y METODOS DE LA INGENIERIA DE SOFTWARE;3;7/9/2022;8/9/2022
906;IDS347;TENDENCIAS EN DESARROLLO DE SOFTWARE;4;7/9/2022;8/9/2022
907;IDS347L;LABORATORIO TENDENCIAS EN DESARROLLO DE SOFTWARE;1;7/9/2022;8/9/2022
908;IDS348;DESARROLLO DE APLICACIONES WEB;2;7/9/2022;8/9/2022
909;IDS348L;LABORATORIO DESARROLLO DE APLICACIONES WEB;1;7/9/2022;8/9/2022
910;IEC101;TÓPICOS GENERALES DE LA INTELIGENCIA ARTIFICIA;3;7/9/2022;8/9/2022
911;IEC201;TECNOLOGIAS DE LA INFORMACION Y DE COMUNICACIONES;2;7/9/2022;8/9/2022
912;IEC201L;LABORATORIO DE TECNOLOGIAS DE LA INFORMACION Y DE COMUNICACIONES;1;7/9/2022;8/9/2022
913;IEC208;FUNDAMENTOS ELECTRÓNICA DIGITA;4;7/9/2022;8/9/2022
914;IEC208L;LABORATORIO FUNDAMENTOS ELECTRÓNICA DIGITA;1;7/9/2022;8/9/2022
915;IEC301;ELECTRONICA DIGITA;3;7/9/2022;8/9/2022
916;IEC301L;LABORATORIO ELECTRONICA DIGITA;1;7/9/2022;8/9/2022
917;IEC302;ELECTRONICA I;3;7/9/2022;8/9/2022
918;IEC302L;LABORATORIO DE ELECTRONICA I;1;7/9/2022;8/9/2022
919;IEC303;ELECTRONICA II;2;7/9/2022;8/9/2022
920;IEC303L;LABORATORIO DE ELECTRONICA II;1;7/9/2022;8/9/2022
921;IEC304;SISTEMAS DIGITALES Y MICROPROCESADORES;2;7/9/2022;8/9/2022
922;IEC304L;LABORATORIO DE SISTEMAS DIGITALES Y MICROPROCESADORES;1;7/9/2022;8/9/2022
923;IEC306;DISEÑO DE CIRCUITOS ELECTRONICOS;2;7/9/2022;8/9/2022
924;IEC306L;LABORATORIO DE DISEÑO DE CIRCUITOS ELECTRONICOS;1;7/9/2022;8/9/2022
925;IEC307;SISTEMAS DE COMUNICACIONES;3;7/9/2022;8/9/2022
926;IEC307L;LABORATORIO DE SISTEMAS DE COMUNICACIONES;1;7/9/2022;8/9/2022
927;IEC322;INTRODUCCIÓN A DEEP LEARNING;2;7/9/2022;8/9/2022
928;IES501;SEMINARIO I: SOFTWARE ESPECIALIZADO I;2;7/9/2022;8/9/2022
929;IIN201;SEMINARIO DE EDUCACIÓN ECONÓMICA Y FINANCIERA;4;7/9/2022;8/9/2022
930;IIN301;INGENIERIA DE LA CADENA DE SUMINISTRO;2;7/9/2022;8/9/2022
931;IIN302;GESTION HUMANA EN LA INDUSTRIA;4;7/9/2022;8/9/2022
932;IIN303;ESTANDARES Y REGULACIONES PARA LA INDUSTRIA DE DISPOSITIVOS MEDICOS Y FARMACEUTICOS;4;7/9/2022;8/9/2022
933;IIN311;VALIDACION EN LA MANUFACTURA DE DISPOSITIVOS MEDICOS;3;7/9/2022;8/9/2022
934;IIN312;GESTION DE LAS RESTRICCIONES DEL PROYECTO;2;7/9/2022;8/9/2022
935;IIN313;GESTION DEL EQUIPO DEL PROYECTO;4;7/9/2022;8/9/2022
936;IIN316;SEMINARIO PROCESOS I;4;7/9/2022;8/9/2022
937;IIN317;SEMINARIO PROCESOS II;4;7/9/2022;8/9/2022
938;IIN318;SELECCIÓN DE MATERIALES;4;7/9/2022;8/9/2022
939;IIN319;CIRCUITOS ELECTRICOS INDUSTRIALES;3;7/9/2022;8/9/2022
940;IIN319L;LABORATORIO CIRCUITOS ELECTRICOS INDUSTRIALES;1;7/9/2022;8/9/2022
941;ILT201;INTRODUCCION A LA LOGISTICA;1;7/9/2022;8/9/2022
942;ILT202;ECONOMIA DEL TRANSPORTE;1;7/9/2022;8/9/2022
943;ILT303;ACUERDOS INTERNACIONALES;1;7/9/2022;8/9/2022
944;ILT308;SERVICIO AL CLIENTE;1;7/9/2022;8/9/2022
945;IMC101;SEMINARIO DE INGENIERIA MECATRONICA;3;7/9/2022;8/9/2022
946;IMC102;PROGRAMA HANDS ON 1;4;7/9/2022;8/9/2022
947;IMC103;PROGRAMA HANDS ON 2;3;7/9/2022;8/9/2022
948;IMC104;SEMINIARIO DISEÑO Y DESARROLLO DE PCBs;2;7/9/2022;8/9/2022
949;IMC204;PROGRAMA HANDS ON 3;3;7/9/2022;8/9/2022
950;IMC205;PROGRAMA HANDS ON 4;3;7/9/2022;8/9/2022
951;IMC207;SEMINARIO INTRODUCCION A ARDUINO;3;7/9/2022;8/9/2022
952;IMC208;SEMINARIO MATLAB;4;7/9/2022;8/9/2022
953;IMC210;CONSEJERÍA EN INGENIERÍA MECATRONICA I;4;7/9/2022;8/9/2022
954;IMC309;PROYECTO DE INGENIERIA MECATRONICA II;4;7/9/2022;8/9/2022
955;IMC310;SISTEMAS PARA ENSAMBLE AUTOMATIZADO;3;7/9/2022;8/9/2022
956;IMC313;MANTENIMIENTO CENTRADO EN FIABILIDAD (RCM);4;7/9/2022;8/9/2022
957;IMC319;PROYECTO INGENIERIA MECATRONICA I;2;7/9/2022;8/9/2022
958;IMC326;PROYECTOS MECATRONICOS ESPECIALES;4;7/9/2022;8/9/2022
959;IMC328;PROGRAMA HANDS ON 5;2;7/9/2022;8/9/2022
960;IMC329;DISEÑO Y MANUFACTURA ASISTIDO POR COMPUTADORA;3;7/9/2022;8/9/2022
961;IMC329L;LABORATORIO DE DISEÑO Y MANUFACTURA ASISTIDO POR COMPUTADORA;1;7/9/2022;8/9/2022
962;IMC330;DISEÑO DE SISTEMAS MECATRONICOS;2;7/9/2022;8/9/2022
963;IMC330L;LABORATORIO DE DISEÑO DE SISTEMAS MECATRONICOS;1;7/9/2022;8/9/2022
964;IMC331;INSTRUMENTACION INDUSTRIA;3;7/9/2022;8/9/2022
965;IMC331L;LABORATORIO DE INSTRUMENTACION INDUSTRIA;1;7/9/2022;8/9/2022
966;IMC332;CIRCUITOS NEUMATICOS E HIDRAULICOS;3;7/9/2022;8/9/2022
967;IMC332L;LABORATORIO DE CIRCUITOS NEUMATICOS E HIDRAULICOS;1;7/9/2022;8/9/2022
968;IMC333;DISEÑO Y PROGRAMACION DE CONTROLES;4;7/9/2022;8/9/2022
969;IMC333L;LABORATORIO DE DISEÑO Y PROGRAMACION DE CONTROLES;1;7/9/2022;8/9/2022
970;IMC334;TOURS INDUSTRIA;2;7/9/2022;8/9/2022
971;IMC335;ROBOTICA INDUSTRIA;4;7/9/2022;8/9/2022
972;IMC335L;LABORATORIO DE ROBOTICA INDUSTRIA;1;7/9/2022;8/9/2022
973;IMC336;CONTROLADORES LOGICOS PROGRAMABLES (PLC);2;7/9/2022;8/9/2022
974;IMC336L;LABORATORIO CONTROLADORES LOGICOS PROGRAMABLES;1;7/9/2022;8/9/2022
975;IMC337;PROGRAMA HANDS ON 6;3;7/9/2022;8/9/2022
976;IMC338;PROGRAMA HANDS ON 7;4;7/9/2022;8/9/2022
977;IMC341;SISTEMA DE GESTION ENERGETICA PARA EDIFICACIONES;4;7/9/2022;8/9/2022
978;IMC346;CONSEJERÍA EN INGENIERÍA MECATRONICA II;3;7/9/2022;8/9/2022
979;IMC348;TECNOLOGÍA AVANZADA EN EDIFICACIONES;2;7/9/2022;8/9/2022
980;INC339;CONTROL DE CALIDAD EN LA CONSTRUCCION;3;7/9/2022;8/9/2022
981;INC349;INGENIERIA AMBIENTAL;4;7/9/2022;8/9/2022
982;INC354;ASPECTOS LEGALES DE INGENIERIA;2;7/9/2022;8/9/2022
983;INC370;METODOS Y COSTOS DE CONSTRUCCION;4;7/9/2022;8/9/2022
984;INC391;ADMINISTRACION DE LA CONSTRUCCION;2;7/9/2022;8/9/2022
985;IND202;DISEÑO BIDIMENSIONAL;4;7/9/2022;8/9/2022
986;IND206;MAQUETAS DE PRODUCTOS;4;7/9/2022;8/9/2022
987;IND207;DIBUJO E ILUSTRACION I;2;7/9/2022;8/9/2022
988;IND211;DIBUJO E ILUSTRACION III;3;7/9/2022;8/9/2022
989;IND217;MATERIALES Y PROCESOS III;4;7/9/2022;8/9/2022
990;IND220;HISTORIA DEL ARTE Y LOS ESTILOS;2;7/9/2022;8/9/2022
991;IND227;MATERIALES Y PROCESOS VI;3;7/9/2022;8/9/2022
992;IND228;MATERIALES Y PROCESOS VII;4;7/9/2022;8/9/2022
993;IND232;INVESTIGACION EN DISEÑO;4;7/9/2022;8/9/2022
994;IND232L;LABORATORIO INVESTIGACION EN DISEÑO;1;7/9/2022;8/9/2022
995;IND235;INTRODUCCION AL DISEÑO INDUSTRIA;3;7/9/2022;8/9/2022
996;IND262;FISICA DE LOS OBJETOS;4;7/9/2022;8/9/2022
997;IND262L;LABORATORIO DE FISICA DE LOS OBJETOS;1;7/9/2022;8/9/2022
998;IND305;METODOLOGIA DE DISEÑO II;2;7/9/2022;8/9/2022
999;IND309;TEORIA DEL DISEÑO;4;7/9/2022;8/9/2022
1000;IND317;DISEÑO DE PRODUCTOS II;3;7/9/2022;8/9/2022
1001;IND324;MERCADOTECNIA Y DISEÑO;4;7/9/2022;8/9/2022
1002;IND329;MULTIMEDIA;3;7/9/2022;8/9/2022
1003;IND331;PROYECTO DE GRADO;2;7/9/2022;8/9/2022
1004;IND333;PASANTIA DE DISEÑO INDUSTRIAL;3;7/9/2022;8/9/2022
1005;IND344;MODELADO 3D AVANZADO;4;7/9/2022;8/9/2022
1006;IND345;EMPRENDEDURISMO E INNOVACION;2;7/9/2022;8/9/2022
1007;IND346;DISEÑO DE PRODUCTOS IV;2;7/9/2022;8/9/2022
1008;IND354;ERGONOMIA;3;7/9/2022;8/9/2022
1009;IND367;DISEÑO Y COMUNICACION VISUAL II;2;7/9/2022;8/9/2022
1010;IND367L;LABORATORIO DE DISEÑO Y COMUNICACION VISUAL II;1;7/9/2022;8/9/2022
1011;IND368;DISEÑO DE EMPAQUES Y EMBALAJES;4;7/9/2022;8/9/2022
1012;IND375;HISTORIA Y EVOLUCIÓN DEL DISEÑO AUTOMOTRIZ;2;7/9/2022;8/9/2022
1013;INE203;INTRODUCCION A LA INGENIERIA ELECTRICA;3;7/9/2022;8/9/2022
1014;INE204;CONSEJERIA INGENIERIA ELECTRICA I;2;7/9/2022;8/9/2022
1015;INE206;SEMINARIO DE ESTATICA;4;7/9/2022;8/9/2022
1016;INE207;SEMINARIO DE MECANICA DE FLUIDOS;2;7/9/2022;8/9/2022
1017;INE354;CIRCUITOS ELECTRICOS;3;7/9/2022;8/9/2022
1018;INE354L;LABORATORIO DE CIRCUITOS ELECTRICOS;1;7/9/2022;8/9/2022
1019;INE357;PROTECCION DE SISTEMAS DE POTENCIA;3;7/9/2022;8/9/2022
1020;INE361;EFICIENCIA Y AUDITORIA ELECTRICA;3;7/9/2022;8/9/2022
1021;INE366;SUBESTACIONES ELECTRICAS;2;7/9/2022;8/9/2022
1022;INE374;PROYECTOS DE INGENIERIA ELECTRICA I;2;7/9/2022;8/9/2022
1023;INE376;CIRCUITOS E INSTALACIONES ELECTRICAS;4;7/9/2022;8/9/2022
1024;INE376L;LABORATORIO DE CIRCUITO E INSTALACIONES ELECTRICAS;1;7/9/2022;8/9/2022
1025;INE377;CIRCUITOS I;3;7/9/2022;8/9/2022
1026;INE377L;LABORATORIO DE CIRCUITOS I;1;7/9/2022;8/9/2022
1027;INE378;CIRCUITOS II;3;7/9/2022;8/9/2022
1028;INE378L;LABORATORIO DE CIRCUITOS II;1;7/9/2022;8/9/2022
1029;INE381;DISEÑO DE INSTALACIONES ELECTRICAS I;3;7/9/2022;8/9/2022
1030;INE381L;LABORATORIO DE DISEÑO DE INSTALACIONES ELECTRICAS I;1;7/9/2022;8/9/2022
1031;INE383;LINEAS DE TRANSMISION;3;7/9/2022;8/9/2022
1032;INE383L;LABORATORIO DE LINEAS DE TRANSMISION;1;7/9/2022;8/9/2022
1033;INE387;SISTEMAS DE POTENCIA I;2;7/9/2022;8/9/2022
1034;INE387L;LABORATORIO DE SISTEMAS DE POTENCIA I;1;7/9/2022;8/9/2022
1035;INE388;AUTOMATIZACION, CONTROL E INSTRUMENTACION;2;7/9/2022;8/9/2022
1036;INE388L;LABORATORIO DE AUTOMATIZACION, CONTROL E INSTRUMENTACION;1;7/9/2022;8/9/2022
1037;INE392;COMUNICACIONES;4;7/9/2022;8/9/2022
1038;INE392L;LABORATORIO DE COMUNICACIONES;1;7/9/2022;8/9/2022
1039;INE394;FUNDAMENTOS DE MAQUINAS ELECTRICAS;2;7/9/2022;8/9/2022
1040;INE394L;LABORATORIO FUNDAMENTOS DE MAQUINAS ELECTRICAS;1;7/9/2022;8/9/2022
1041;INE398;APLICACION DE DISPOSITIVOS ELECTRONICOS;2;7/9/2022;8/9/2022
1042;INE398L;LABORATORIO DE APLICACION DE DISPOSITIVOS ELECTRONICOS;1;7/9/2022;8/9/2022
1043;ING102;INTRODUCCION A LA PROGRAMACION;4;7/9/2022;8/9/2022
1044;ING102L;LABORATORIO DE INTRODUCCION A LA PROGRAMACION;1;7/9/2022;8/9/2022
1045;ING104;INTRODUCCIÓN A LA MOVILIDAD, EL TRANSPORTE TERRESTRE, EL TRÁNSITO Y LA SEGURIDAD VIA;3;7/9/2022;8/9/2022
1046;ING204;GRAFICOS EN INGENIERIA;3;7/9/2022;8/9/2022
1047;ING207;DINAMICA;2;7/9/2022;8/9/2022
1048;ING210;INVESTIGACION EN INGENIERIA;2;7/9/2022;8/9/2022
1049;ING211;FORMULACION DE PROYECTOS;4;7/9/2022;8/9/2022
1050;ING212;DINAMICA;4;7/9/2022;8/9/2022
1051;ING212L;LABORATORIO DE DINAMICA;1;7/9/2022;8/9/2022
1052;ING214;ANALISIS DE DATOS EN INGENIERIA;2;7/9/2022;8/9/2022
1053;ING215;MECANICA DE FLUIDOS;2;7/9/2022;8/9/2022
1054;ING215L;LABORATORIO DE MECANICA DE FLUIDOS;1;7/9/2022;8/9/2022
1055;ING216;ESTATICA;2;7/9/2022;8/9/2022
1056;ING216L;LABORATORIO DE ESTATICA;1;7/9/2022;8/9/2022
1057;ING217;RESISTENCIA DE MATERIALES;2;7/9/2022;8/9/2022
1058;ING217L;LABORATORIO DE RESISTENCIA DE MATERIALES;1;7/9/2022;8/9/2022
1059;ING227;GRAFICOS EN INGENIERIA;3;7/9/2022;8/9/2022
1060;ING227L;LABORATORIO DE GRAFICOS EN INGENIERIA (AUTOCAD);1;7/9/2022;8/9/2022
1061;ING228;HOJA DE CALCULO PARA INGENIEROS;4;7/9/2022;8/9/2022
1062;ING229;INTRODUCCION A LA CIENCIA DE MATERIALES;4;7/9/2022;8/9/2022
1063;ING229L;LABORATORIO DE INTRODUCCION A LA CIENCIA DE MATERIALES;1;7/9/2022;8/9/2022
1064;ING230;INGENIERIA ECONOMICA;4;7/9/2022;8/9/2022
1065;ING231;EXPERIMENTACION EN INGENIERIA;2;7/9/2022;8/9/2022
1066;ING234;MECANICA DE SOLIDOS DEFORMABLES;4;7/9/2022;8/9/2022
1067;ING234L;LABORATORIO DE MECANICA DE SOLIDOS DEFORMABLES;1;7/9/2022;8/9/2022
1068;ING235;FORMULACION Y GESTION DE PROYECTOS TECNOLOGICOS;4;7/9/2022;8/9/2022
1069;ING235L;LABORATORIO FORMULACION Y GESTION DE PROYECTOS TECNOLOGICOS;1;7/9/2022;8/9/2022
1070;ING236L;LABORATORIO DE GRAFICOS EN INGENIERIA (SOLIDWORKS);1;7/9/2022;8/9/2022
1071;ING237;IMPACTO SOCIAL (ING);4;7/9/2022;8/9/2022
1072;ING302;GESTION DE PROYECTOS;2;7/9/2022;8/9/2022
1073;ING305;GESTION DE PROYECTOS;3;7/9/2022;8/9/2022
1074;ING305L;LABORATORIO DE GESTION DE PROYECTOS;1;7/9/2022;8/9/2022
1075;INI201;INTRODUCCION A LA INGENIERIA INDUSTRIAL;4;7/9/2022;8/9/2022
1076;INI202;CONSEJERIA PROFESIONAL INI I;4;7/9/2022;8/9/2022
1077;INI301;INGENIERIA ECONOMICA;3;7/9/2022;8/9/2022
1078;INI307;DISEÑO DE SISTEMAS DE PRODUCCION I;2;7/9/2022;8/9/2022
1079;INI310;CONTROL DE CALIDAD;4;7/9/2022;8/9/2022
1080;INI316;SEGURIDAD E HIGIENE INDUSTRIAL;3;7/9/2022;8/9/2022
1081;INI319;PROYECTO DE INGENIERIA INDUSTRIAL;2;7/9/2022;8/9/2022
1082;INI323;ANALISIS DE COSTOS DE PROCESOS;3;7/9/2022;8/9/2022
1083;INI326;EVOLUCION DEL DESARROLLO INDUSTRIA;2;7/9/2022;8/9/2022
1084;INI339;SEMINARIO DE INGENIERIA INDUSTRIAL;4;7/9/2022;8/9/2022
1085;INI378;PLANIFICACION Y CONTROL DE SISTEMAS;3;7/9/2022;8/9/2022
1086;INI380;PENSAMIENTO ESBELTO;4;7/9/2022;8/9/2022
1087;INI381;GESTION DE LA CALIDAD I;4;7/9/2022;8/9/2022
1088;INI382;ESTADISTICA INDUSTRIAL;4;7/9/2022;8/9/2022
1089;INI382L;LABORATORIO DE ESTADISTICA INDUSTRIAL;1;7/9/2022;8/9/2022
1090;INI383;CIENCIA E INGENIERIA DE LOS MATERIALES;3;7/9/2022;8/9/2022
1091;INI383L;LABORATORIO DE CIENCIA E INGENIERIA DE LOS MATERIALES;1;7/9/2022;8/9/2022
1092;INI384;INGENIERIA DE METODOS;3;7/9/2022;8/9/2022
1093;INI385;AUTOMATIZACION DE PROCESOS;4;7/9/2022;8/9/2022
1094;INI385L;LABORATORIO DE AUTOMATIZACION DE PROCESOS;1;7/9/2022;8/9/2022
1095;INI388;GESTION DE LA CALIDAD II;2;7/9/2022;8/9/2022
1096;INI389;SELECCION DE MATERIALES;2;7/9/2022;8/9/2022
1097;INI391;INVESTIGACION OPERATIVA I;3;7/9/2022;8/9/2022
1098;INI391L;LABORATORIO DE INVESTIGACION OPERATIVA I;1;7/9/2022;8/9/2022
1099;INI392;DISEÑO DE SISTEMAS DE PRODUCCION II;4;7/9/2022;8/9/2022
1100;INI392L;LABORATORIO DE DISEÑO DE SISTEMAS DE PRODUCCION II;1;7/9/2022;8/9/2022
1101;INI393;INVESTIGACION OPERATIVA II;3;7/9/2022;8/9/2022
1102;INI393L;LABORATORIO INVESTIGACION OPERATIVA II;1;7/9/2022;8/9/2022
1103;INI394;DISEÑO DE EXPERIMENTOS;3;7/9/2022;8/9/2022
1104;INI394L;LABORATORIO DE DISEÑO DE EXPERIMENTOS;1;7/9/2022;8/9/2022
1105;INI395;DISEÑO PARA MANUFACTURA;2;7/9/2022;8/9/2022
1106;INL342;TOPICOS PROFESIONALES Y LEGALES;1;7/9/2022;8/9/2022
1107;INL354;ELECTRONICA DE POTENCIA;1;7/9/2022;8/9/2022
1108;INL354L;LABORATORIO DE ELECTRONICA DE POTENCIA;1;7/9/2022;8/9/2022
1109;INL363;COMUNICACIONES MOVILES;1;7/9/2022;8/9/2022
1110;INL363L;LABORATORIO COMUNICACIONES MOVILES;1;7/9/2022;8/9/2022
1111;INL365;DISEÑO DE SISTEMAS DE CONTRO;1;7/9/2022;8/9/2022
1112;INL365L;LABORATORIO DE SISTEMAS DE CONTRO;1;7/9/2022;8/9/2022
1113;INL367;MACHINE LEARNING;1;7/9/2022;8/9/2022
1114;INL367L;LABORATORIO MACHINE LEARNING;1;7/9/2022;8/9/2022
1115;INL369;PROYECTO DE INGENIERIA ELECTRONICA Y DE COMUNICACIONES I;1;7/9/2022;8/9/2022
1116;INL370;FUNDAMENTOS DE ELECTRONICA;1;7/9/2022;8/9/2022
1117;INL370L;LABORATORIO DE FUNDAMENTOS DE ELECTRONICA;1;7/9/2022;8/9/2022
1118;INM201;DIBUJO MECANICO I;2;7/9/2022;8/9/2022
1119;INM202;DIBUJO MECANICO II;4;7/9/2022;8/9/2022
1120;INM203;INTRODUCCION A LA INGENIERIA MECANICA;2;7/9/2022;8/9/2022
1121;INM300;TERMODINAMICA I;2;7/9/2022;8/9/2022
1122;INM305;MECANISMOS;4;7/9/2022;8/9/2022
1123;INM318;GESTION DE SISTEMAS DE MANTENIMIENTO;3;7/9/2022;8/9/2022
1124;INM328;MODELADO Y SIMULACION;2;7/9/2022;8/9/2022
1125;INM329;DISEÑO DE ELEMENTOS DE MAQUINAS I;4;7/9/2022;8/9/2022
1126;INM336;DISEÑO DE ELEMENTOS DE MAQUINAS II;4;7/9/2022;8/9/2022
1127;INM349;INGENIERIA ASISTIDA I;3;7/9/2022;8/9/2022
1128;INM350;MECANICA DE FLUIDOS II;3;7/9/2022;8/9/2022
1129;INM350L;LABORATORIO MECANICA DE FLUIDOS II;1;7/9/2022;8/9/2022
1130;INM355;PROCESOS INDUSTRIALES I;2;7/9/2022;8/9/2022
1131;INM355L;LABORATORIO PROCESOS INDUSTRIALES I;1;7/9/2022;8/9/2022
1132;INM356;INGENIERIA ASISTIDA II;2;7/9/2022;8/9/2022
1133;INM357;TERMODINAMICA II;3;7/9/2022;8/9/2022
1134;INM357L;LABORATORIO TERMODINAMICA II;1;7/9/2022;8/9/2022
1135;INM358;PROCESOS INDUSTRIALES II;3;7/9/2022;8/9/2022
1136;INM358L;LABORATORIO PROCESOS INDUSTRIALES II;1;7/9/2022;8/9/2022
1137;INM360;CONTROL DE SISTEMAS DINAMICOS;2;7/9/2022;8/9/2022
1138;INM363;DISEÑO E INGENIERIA DE PRODUCTOS;2;7/9/2022;8/9/2022
1139;INM364;PROYECTO DE INGENIERIA MECANICA II;2;7/9/2022;8/9/2022
1140;INM368;MODELADO Y SIMULACION;4;7/9/2022;8/9/2022
1141;INM376;PROCESOS INDUSTRIALES I;4;7/9/2022;8/9/2022
1142;INM376L;LABORATORIO DE PROCESOS INDUSTRIALES I;1;7/9/2022;8/9/2022
1143;INM377;PROCESOS INDUSTRIALES II;3;7/9/2022;8/9/2022
1144;INM377L;LABORATORIO DE PROCESOS INDUSTRIALES II;1;7/9/2022;8/9/2022
1145;INM381;RESISTENCIA DE MATERIALES II;2;7/9/2022;8/9/2022
1146;INM381L;LABORATORIO DE RESISTENCIA DE MATERIALES II;1;7/9/2022;8/9/2022
1147;INM382;DIBUJO MECANICO II;4;7/9/2022;8/9/2022
1148;INM382L;LABORATORIO DE DIBUJO MECANICO II;1;7/9/2022;8/9/2022
1149;INM396;INGENIERIA ASISTIDA (CAE) I;4;7/9/2022;8/9/2022
1150;INM397;INGENIERIA ASISTIDA (CAE) II;2;7/9/2022;8/9/2022
1151;INM398;PROYECTO DE INGENIERIA MECANICA I;3;7/9/2022;8/9/2022
1152;INM399;PRACTICAS DE INGENIERIA MECANICA;3;7/9/2022;8/9/2022
1153;INO501;METODOS Y COSTOS DE OBRA;3;7/9/2022;8/9/2022
1154;INO511;ADMINISTRACION DE LA SEGURIDAD DE OBRAS;3;7/9/2022;8/9/2022
1155;INO513;TRABAJO DE GRADO;4;7/9/2022;8/9/2022
1156;INO516;SEMINARIO DE CONSTRUCCION I;3;7/9/2022;8/9/2022
1157;INO517;GERENCIA Y GESTION AMBIENTAL;3;7/9/2022;8/9/2022
1158;INO519;TECNOLOGIA DE LA CONSTRUCCION;3;7/9/2022;8/9/2022
1159;INO520;SEMINARIO DE CONSTRUCCION III;2;7/9/2022;8/9/2022
1160;INS208;FUNDAMENTOS DE PROGRAMACION;3;7/9/2022;8/9/2022
1161;INS208L;LABORATORIO DE FUNDAMENTOS DE PROGRAMACION;1;7/9/2022;8/9/2022
1162;INS209;HOJAS DE CALCULO PARA INGENIEROS;2;7/9/2022;8/9/2022
1163;INS211;INTRODUCCION A LA INGENIERIA DE SISTEMAS;2;7/9/2022;8/9/2022
1164;INS213;PROGRAMACION Y DISEÑO DE ALGORITMOS;4;7/9/2022;8/9/2022
1165;INS213L;LABORATORIO DE PROGRAMACION Y DISEÑO DE ALGORITMOS;1;7/9/2022;8/9/2022
1166;INS215;PROGRAMACION III (OOP);2;7/9/2022;8/9/2022
1167;INS215L;LABORATORIO PROGRAMACION III (OOP);1;7/9/2022;8/9/2022
1168;INS216;FUNDAMENTOS DE SISTEMAS DE INFORMACION;3;7/9/2022;8/9/2022
1169;INS218;LABORATORIO DE PROGRAMACION Y DISEÑO DE ALGORITMO (LENGUAJE PHYTON);3;7/9/2022;8/9/2022
1170;INS324;ANALISIS Y DISEÑO DE SISTEMAS;4;7/9/2022;8/9/2022
1171;INS342;TECNOLOGIAS DE INFORMACION EMERGENTE;3;7/9/2022;8/9/2022
1172;INS348;GOBERNABILIDAD DE TECNOLOGIA DE LA INFORMACION;2;7/9/2022;8/9/2022
1173;INS349;PROYECTO FINAL I;4;7/9/2022;8/9/2022
1174;INS360;PROYECTO FINAL II;4;7/9/2022;8/9/2022
1175;INS364;DESARROLLO DE APLICACIONES WEB;4;7/9/2022;8/9/2022
1176;INS368;TENDENCIAS EN DESARROLLO DE APLICACIONES;2;7/9/2022;8/9/2022
1177;INS368L;LABORATORIO TENDENCIAS EN DESARROLLO DE APLICACIONES;1;7/9/2022;8/9/2022
1178;INS369;INTELIGENCIA DE NEGOCIOS;3;7/9/2022;8/9/2022
1179;INS371;ARQUITECTURA DEL COMPUTADOR;2;7/9/2022;8/9/2022
1180;INS371L;LABORATORIO ARQUITECTURA COMPUTADOR;1;7/9/2022;8/9/2022
1181;INS373;SISTEMAS OPERATIVOS;3;7/9/2022;8/9/2022
1182;INS373L;LABORATORIO SISTEMAS OPERATIVOS;1;7/9/2022;8/9/2022
1183;INS375;INTERNET OF THINGS (IOT);4;7/9/2022;8/9/2022
1184;INS377;BASES DE DATOS I;3;7/9/2022;8/9/2022
1185;INS377L;LABORATORIO BASES DE DATOS I;1;7/9/2022;8/9/2022
1186;INS379;COMUNICACION DE DATOS II;3;7/9/2022;8/9/2022
1187;INS379L;LABORATORIO COMUNICACION DE DATOS II;1;7/9/2022;8/9/2022
1188;INS380;BASES DE DATOS II;4;7/9/2022;8/9/2022
1189;INS380L;LABORATORIO DE BASES DE DATOS II;1;7/9/2022;8/9/2022
1190;INS381;COMUNICACION DE DATOS III;2;7/9/2022;8/9/2022
1191;INS381L;LABORATORIO COMUNICACION DE DATOS III;1;7/9/2022;8/9/2022
1192;INS382;GESTION DE TI-SEGURIDAD Y RIESGOS;3;7/9/2022;8/9/2022
1193;INS383;FUNDAMENTOS DE CIBERSEGURIDAD;3;7/9/2022;8/9/2022
1194;INS384;GESTION DE TI AUDITORIAS Y CONTROLES;3;7/9/2022;8/9/2022
1195;INS385;BUSINESS ANALYTICS AND BIG DATA;3;7/9/2022;8/9/2022
1196;INS386;ETHICAL HACKING;2;7/9/2022;8/9/2022
1197;INS386L;LABORATORIO ETHICAL HACKING;1;7/9/2022;8/9/2022
1198;INS388;MINERIA DE DATOS;2;7/9/2022;8/9/2022
1199;INT510;DINAMICA ESTRUCTURAL;3;7/9/2022;8/9/2022
1200;MCD502;MATEMÁTICAS PARA LA CIENCIA DE DATOS;2;7/9/2022;8/9/2022
1201;MCD502L;LABORATORIO DE MATEMATICAS PARA LA CIENCIA DE DATOS;1;7/9/2022;8/9/2022
1202;MCD503;ANÁLISIS ESTADÍSTICO Y SIMULACIÓN;4;7/9/2022;8/9/2022
1203;MCD503L;LABORATORIOS DE ANÁLISIS ESTADÍSTICO Y SIMULACIÓN;1;7/9/2022;8/9/2022
1204;MCD509;DATA MINING I;2;7/9/2022;8/9/2022
1205;MCD509L;LABORATORIO DE DATA MINING I;1;7/9/2022;8/9/2022
1206;MCD510;DEEP LEARNING;2;7/9/2022;8/9/2022
1207;MCD510L;LABORATORIO DE DEEP LEARNING;1;7/9/2022;8/9/2022
1208;MCD513;ANÁLISIS DE REDES SOCIALES Y ECONÓMICAS;4;7/9/2022;8/9/2022
1209;MCD513L;LABORATORIO DE ANÁLISIS DE REDES SOCIALES Y ECONÓMICAS;1;7/9/2022;8/9/2022
1210;MCD515;PROYECTO FINAL;4;7/9/2022;8/9/2022
1211;MCD521;DEEP LEARNING PARA NLP;3;7/9/2022;8/9/2022
1212;MCD522;MACHINE LEARNING PARA SERIES DE TIEMPO;3;7/9/2022;8/9/2022
1213;MCS504;FUNDAMENTOS DE SEGURIDAD DE LA INFORMACION;3;7/9/2022;8/9/2022
1214;MCS505;TECNICAS PARA OCULTACION DE DATOS;2;7/9/2022;8/9/2022
1215;MCS506;GOBERNANZA EN CIBERSEGURIDAD;2;7/9/2022;8/9/2022
1216;MCS524;TRABAJO FINAL (MCS);3;7/9/2022;8/9/2022
1217;MEC305;MANTENIMIENTO PREDICTIVO;4;7/9/2022;8/9/2022
1218;MIS504;MATEMATICA AVANZADA PARA INGENIEROS;3;7/9/2022;8/9/2022
1219;MPM507;HERRAMIENTAS INFORMATICAS PARA LA DIRECCION Y GESTION DE PROYECTOS;3;7/9/2022;8/9/2022
1220;MPM510;GESTION DE LA CALIDAD EN LA DIRECCION DEL PROYECTO;3;7/9/2022;8/9/2022
1221;MPM511;GESTION DE LA INNOVACION Y LA INVESTIGACION;2;7/9/2022;8/9/2022
1222;SIS101;INTRODUCCIÓN A LAS TECNOLOGÍAS DE LA INFORMACIÓN;2;7/9/2022;8/9/2022
